,7 Days to Die,A Way Out,ARK: Survival Evolved,American Truck Simulator,Among Us,Animal Crossing: New Horizons,Anno 1800,Anthem,Apex Legends,Arma 3,Art,Assassin's Creed Valhalla,Assassin's Creed: Odyssey,Assassin's Creed: Origins,Atlas,Auto Chess,Battalion 1944,Battlefield 1,Battlefield 4,Battlefield V,Battlerite,Battlerite Royale,Black Desert Online,Blade & Soul,Bless Online,Bloodborne,Bloons TD 6,Borderlands 2,Borderlands 3,Call Of Duty: Modern Warfare,Call of Duty: Black Ops 4,Call of Duty: Black Ops Cold War,Call of Duty: Black Ops II,Call of Duty: Black Ops III,Call of Duty: Infinite Warfare,Call of Duty: Modern Warfare Remastered,Call of Duty: WWII,Call of Duty: Warzone,Casino,Cities: Skylines,Clash Royale,Clash of Clans,Code Vein,Command & Conquer Remastered Collection,Conan Exiles,Conqueror's Blade,Counter-Strike: Global Offensive,Crash Bandicoot N. Sane Trilogy,Creative,Crossout,Crusader Kings III,Cuphead,Cyberpunk 2077,DOOM,DOOM Eternal,DRAGON BALL Z: KAKAROT,Dark Souls,Dark Souls II: Scholar of the First Sin,Dark Souls III,Dark and Light,Darkest Dungeon,Darwin Project,Dauntless,DayZ,Days Gone,Dead by Daylight,Death Stranding,Destiny,Destiny 2,Detroit: Become Human,Deus Ex: Mankind Divided,Devil May Cry 5,Diablo III,Dishonored 2,Divinity: Original Sin II,Dota 2,Dota Underlords,Dragon Quest Builders,Dragon Quest IV,Dying Light,ELEX,Eco,Escape From Tarkov,Euro Truck Simulator 2,Evolve,F1 2016,F1 2017,F1 2019,F1 2020,FIFA 16,FIFA 17,FIFA 18,FIFA 19,FIFA 20,FIFA 21,FINAL FANTASY XIV Online,Factorio,Fall Guys: Ultimate Knockout,Fallout 4,Fallout 76,Far Cry 5,Far Cry New Dawn,Far Cry: Primal,Farming Simulator 15,Farming Simulator 17,Farming Simulator 19,Final Fantasy VII Remake,Final Fantasy XIV: Heavensward,Final Fantasy XV,For Honor,Fortnite,Forza Horizon 3,Forza Horizon 4,Friday the 13th: The Game,Frostpunk,Gartic Phone,Gears 5,Genshin Impact,Ghost of Tsushima,God of War,Gold Rush: The Game,Grand Theft Auto V,Graveyard Keeper,Green Hell,Grounded,Guild Wars 2,Hearthstone,Hellblade: Senua's Sacrifice,Heroes of the Storm,Horizon Zero Dawn,Hunt: Showdown,Hyper Scape,IRL,Immortals Fenyx Rising,Infestation: Survivor Stories,Infestation: The New Z,Islands of Nyne: Battle Royale,Jurassic World Evolution,Just Cause 3,Just Chatting,Killing Floor 2,Kingdom Come: Deliverance,Kingdom Hearts III,Last Oasis,League of Legends,Legends of Runeterra,Legion TD 2,Little Nightmares II,Luigi's Mansion 3,MORDHAU,Mafia III,Magic: The Gathering,MapleStory 2,Marbles On Stream,Mario Kart 8,Marvel's Avengers,Marvel's Spider-Man,Mass Effect: Andromeda,Medieval Dynasty,Metin2,Metro Exodus,Microsoft Flight Simulator,Microsoft Flight Simulator X,Middle-earth: Shadow of War,Minecraft,Minecraft Dungeons,Miscreated,Monster Hunter Rise,Monster Hunter World: Iceborne,Monster Hunter: World,Mount & Blade II: Bannerlord,Music,NBA 2K16,Need For Speed: Payback,Need for Speed,Need for Speed: Heat,Neverwinter,New World,NieR: Automata,Nioh,Nioh 2,No Man's Sky,OVERKILL's The Walking Dead,Ori and the Will of the Wisps,Outlast 2,Overwatch,PAYDAY 2,PLAYERUNKNOWN'S BATTLEGROUNDS,Paladins,Paragon,Path of Exile,Phasmophobia,Planet Coaster,Planet Zoo,Pokémon GO,Pokémon Omega Ruby/Alpha Sapphire,Pokémon Sun/Moon,Pokémon Sword/Shield,Pokémon Trading Card Game,Pokémon Ultra Sun/Ultra Moon,"Pokémon: Let's Go, Pikachu!",Prey,Pummel Party,RAGE 2,Radical Heights,Raft,Realm Royale,Red Dead Redemption 2,Remnant: From the Ashes,Resident Evil 2,Resident Evil 3,Resident Evil 7 biohazard,Ring Of Elysium,Rise of the Tomb Raider,Rocket League,Rogue Company,Russian Fishing 4,Rust,SCUM,SMITE,Satisfactory,Sea of Thieves,Secret of Mana,Sekiro: Shadows Die Twice,Shadow of the Tomb Raider,Slay the Spire,Slots,SnowRunner,South Park: The Fractured But Whole,Spellbreak,Spyro Reignited Trilogy,Star Citizen,Star Wars Battlefront II,Star Wars Jedi: Fallen Order,Star Wars: The Old Republic,StarCraft II,Stardew Valley,State of Decay 2,Stellaris,Subnautica,Super Mario Maker 2,Super Mario Odyssey,Super Smash Bros. Ultimate,TERA,Talk Shows & Podcasts,Teamfight Tactics,Tekken 7,Temtem,Terraria,The Binding of Isaac: Afterbirth,The Crew 2,The Dark Pictures Anthology: Little Hope,The Dark Pictures Anthology: Man of Medan,The Elder Scrolls Online,The Elder Scrolls V: Skyrim,The Forest,The Last of Us Part II,The Legend of Zelda: Breath of the Wild,The Legend of Zelda: Link's Awakening,The Outer Worlds,The Sims 4,The Witcher 3: Wild Hunt,They Are Billions,Titanfall 2,Tom Clancy's Ghost Recon: Breakpoint,Tom Clancy's Ghost Recon: Wildlands,Tom Clancy's Rainbow Six Siege,Tom Clancy's The Division,Tom Clancy's The Division 2,Tony Hawk's Pro Skater 1+2,TrackMania,Transport Fever 2,Two Point Hospital,Uncharted 4: A Thief's End,VALORANT,Valheim,Vampyr,War Thunder,Warcraft III,Warframe,Warhammer: Vermintide 2,Warzone,Watch Dogs: Legion,Wolcen: Lords of Mayhem,World War Z,World of Tanks,World of Warcraft,World of Warships,Z1: Battle Royale,iRacing,osu!,theHunter: Call of the Wild
2016-01-01,0.0,0.0,9.0,0.0,0.0,0.0,0.0,0.0,0.0,0.0,0.0,0.0,0.0,0.0,0.0,0.0,0.0,0.0,0.0,0.0,0.0,0.0,0.0,0.0,0.0,0.0,0.0,0.0,0.0,0.0,0.0,0.0,0.0,45.0,0.0,0.0,0.0,0.0,0.0,0.0,0.0,0.0,0.0,0.0,0.0,0.0,40.0,0.0,0.0,0.0,0.0,0.0,0.0,0.0,0.0,0.0,0.0,0.0,0.0,0.0,0.0,0.0,0.0,7.0,0.0,0.0,0.0,0.0,0.0,0.0,0.0,0.0,21.0,0.0,0.0,6.0,0.0,0.0,0.0,0.0,0.0,0.0,0.0,0.0,0.0,0.0,0.0,0.0,0.0,10.0,0.0,0.0,0.0,0.0,0.0,0.0,0.0,0.0,0.0,0.0,0.0,0.0,0.0,3.0,0.0,0.0,0.0,0.0,0.0,0.0,0.0,0.0,0.0,0.0,0.0,0.0,0.0,0.0,0.0,0.0,0.0,13.0,0.0,0.0,0.0,0.0,0.0,0.0,5.0,0.0,0.0,0.0,0.0,0.0,0.0,0.0,0.0,0.0,0.0,0.0,0.0,0.0,0.0,0.0,65.0,0.0,0.0,0.0,0.0,0.0,0.0,0.0,0.0,0.0,0.0,0.0,0.0,0.0,0.0,0.0,0.0,0.0,0.0,0.0,36.0,0.0,0.0,0.0,0.0,0.0,0.0,0.0,0.0,0.0,0.0,0.0,0.0,0.0,0.0,0.0,0.0,0.0,0.0,0.0,0.0,0.0,0.0,0.0,0.0,0.0,0.0,0.0,0.0,0.0,0.0,0.0,0.0,0.0,0.0,0.0,0.0,0.0,0.0,0.0,0.0,0.0,0.0,0.0,0.0,0.0,0.0,0.0,0.0,0.0,8.0,0.0,0.0,0.0,0.0,0.0,0.0,0.0,0.0,0.0,0.0,0.0,0.0,0.0,0.0,0.0,0.0,0.0,0.0,0.0,0.0,4.0,0.0,0.0,0.0,0.0,0.0,0.0,0.0,0.0,2.0,0.0,0.0,0.0,0.0,1.0,0.0,0.0,0.0,0.0,0.0,0.0,0.0,0.0,0.0,0.0,0.0,0.0,0.0,0.0,0.0,0.0,0.0,0.0,0.0,0.0,0.0,0.0,0.0,0.0,0.0,0.0,0.0,0.0,0.0,0.0,0.0,0.0,0.0,0.0,0.0,0.0,25.0,0.0,0.0,0.0,0.0,0.0
2016-02-01,0.0,0.0,7.0,5.0,0.0,0.0,0.0,0.0,0.0,11.0,0.0,0.0,0.0,0.0,0.0,0.0,0.0,0.0,4.0,0.0,0.0,0.0,2.0,8.0,0.0,1.0,0.0,0.0,0.0,0.0,0.0,0.0,3.0,49.0,0.0,0.0,0.0,0.0,0.0,0.0,0.0,0.0,0.0,0.0,0.0,0.0,35.0,0.0,0.0,0.0,0.0,0.0,0.0,0.0,0.0,0.0,0.0,0.0,0.0,0.0,0.0,0.0,0.0,7.0,0.0,0.0,0.0,14.0,0.0,0.0,0.0,0.0,10.0,0.0,0.0,5.0,0.0,0.0,0.0,0.0,0.0,0.0,0.0,0.0,0.0,0.0,0.0,0.0,0.0,9.0,0.0,0.0,0.0,0.0,0.0,0.0,0.0,0.0,0.0,0.0,0.0,0.0,0.0,3.0,0.0,0.0,0.0,0.0,0.0,0.0,0.0,0.0,0.0,0.0,0.0,0.0,0.0,0.0,0.0,0.0,0.0,13.0,0.0,0.0,0.0,0.0,9.0,0.0,6.0,0.0,0.0,0.0,0.0,0.0,0.0,0.0,0.0,0.0,0.0,0.0,0.0,0.0,0.0,0.0,61.0,0.0,0.0,0.0,0.0,0.0,0.0,0.0,0.0,0.0,0.0,0.0,0.0,0.0,0.0,0.0,0.0,0.0,0.0,0.0,38.0,0.0,0.0,0.0,0.0,0.0,0.0,0.0,0.0,0.0,0.0,0.0,0.0,0.0,0.0,0.0,0.0,0.0,0.0,0.0,0.0,0.0,0.0,0.0,0.0,0.0,0.0,0.0,0.0,0.0,0.0,0.0,0.0,0.0,0.0,0.0,0.0,0.0,0.0,0.0,0.0,0.0,0.0,0.0,0.0,0.0,0.0,0.0,0.0,0.0,9.0,0.0,0.0,0.0,0.0,0.0,0.0,0.0,0.0,0.0,0.0,0.0,0.0,0.0,0.0,0.0,0.0,0.0,0.0,0.0,0.0,3.0,0.0,0.0,0.0,0.0,0.0,0.0,0.0,0.0,2.0,0.0,0.0,0.0,0.0,1.0,0.0,0.0,0.0,0.0,0.0,0.0,0.0,0.0,0.0,0.0,0.0,0.0,0.0,0.0,0.0,0.0,0.0,6.0,0.0,0.0,0.0,0.0,0.0,0.0,0.0,0.0,0.0,0.0,0.0,0.0,0.0,0.0,0.0,0.0,0.0,0.0,21.0,0.0,0.0,0.0,0.0,0.0
2016-03-01,0.0,0.0,6.0,1.0,0.0,0.0,0.0,0.0,0.0,11.0,0.0,0.0,0.0,0.0,0.0,0.0,0.0,0.0,4.0,0.0,0.0,0.0,7.0,4.0,0.0,1.0,0.0,0.0,0.0,0.0,0.0,0.0,3.0,43.0,0.0,0.0,0.0,0.0,0.0,0.0,1.0,0.0,0.0,0.0,0.0,0.0,32.0,0.0,2.0,0.0,0.0,0.0,0.0,0.0,0.0,0.0,0.0,0.0,0.0,0.0,0.0,0.0,0.0,5.0,0.0,0.0,0.0,11.0,0.0,0.0,0.0,0.0,0.0,0.0,0.0,4.0,0.0,0.0,0.0,0.0,0.0,0.0,0.0,0.0,0.0,0.0,0.0,0.0,0.0,9.0,0.0,0.0,0.0,0.0,0.0,0.0,0.0,0.0,0.0,0.0,0.0,0.0,3.0,3.0,0.0,0.0,0.0,0.0,0.0,0.0,0.0,0.0,0.0,0.0,0.0,0.0,0.0,0.0,0.0,0.0,0.0,12.0,0.0,0.0,0.0,0.0,8.0,0.0,5.0,0.0,0.0,0.0,0.0,0.0,0.0,0.0,0.0,0.0,0.0,0.0,0.0,0.0,0.0,0.0,56.0,0.0,0.0,0.0,0.0,0.0,0.0,0.0,0.0,0.0,0.0,0.0,0.0,0.0,0.0,0.0,0.0,0.0,0.0,0.0,39.0,0.0,0.0,0.0,0.0,0.0,0.0,0.0,0.0,0.0,0.0,0.0,0.0,0.0,0.0,0.0,0.0,0.0,0.0,0.0,0.0,0.0,0.0,0.0,0.0,0.0,0.0,0.0,0.0,0.0,0.0,0.0,0.0,0.0,0.0,0.0,0.0,0.0,0.0,0.0,0.0,0.0,0.0,0.0,0.0,0.0,0.0,0.0,0.0,0.0,8.0,0.0,0.0,0.0,0.0,0.0,0.0,0.0,0.0,0.0,0.0,0.0,0.0,0.0,0.0,0.0,0.0,0.0,0.0,0.0,0.0,3.0,8.0,0.0,0.0,0.0,0.0,0.0,0.0,0.0,2.0,0.0,0.0,0.0,0.0,0.0,0.0,0.0,0.0,0.0,0.0,0.0,0.0,0.0,0.0,0.0,0.0,0.0,0.0,0.0,0.0,0.0,0.0,46.0,0.0,0.0,0.0,0.0,0.0,0.0,0.0,0.0,0.0,0.0,0.0,0.0,0.0,0.0,0.0,0.0,0.0,7.0,19.0,0.0,4.0,0.0,0.0,0.0
2016-04-01,1.0,0.0,4.0,0.0,0.0,0.0,0.0,0.0,0.0,12.0,0.0,0.0,0.0,0.0,0.0,0.0,0.0,0.0,4.0,0.0,0.0,0.0,3.0,1.0,0.0,0.0,0.0,0.0,0.0,0.0,0.0,0.0,2.0,36.0,0.0,0.0,0.0,0.0,0.0,0.0,1.0,0.0,0.0,0.0,0.0,0.0,30.0,0.0,1.0,0.0,0.0,0.0,0.0,0.0,0.0,0.0,1.0,0.0,19.0,0.0,0.0,0.0,0.0,5.0,0.0,0.0,0.0,13.0,0.0,0.0,0.0,0.0,6.0,0.0,0.0,5.0,0.0,0.0,0.0,0.0,0.0,0.0,0.0,2.0,0.0,0.0,0.0,0.0,0.0,8.0,0.0,0.0,0.0,0.0,0.0,0.0,0.0,0.0,0.0,0.0,0.0,0.0,0.0,3.0,0.0,0.0,0.0,0.0,0.0,0.0,0.0,0.0,0.0,0.0,0.0,0.0,0.0,0.0,0.0,0.0,0.0,10.0,0.0,0.0,0.0,0.0,10.0,0.0,5.0,0.0,0.0,0.0,0.0,0.0,0.0,0.0,0.0,0.0,0.0,0.0,0.0,0.0,0.0,0.0,51.0,0.0,0.0,0.0,0.0,0.0,0.0,0.0,0.0,0.0,0.0,0.0,0.0,0.0,0.0,0.0,0.0,0.0,0.0,0.0,30.0,0.0,0.0,0.0,0.0,0.0,0.0,0.0,0.0,0.0,0.0,0.0,0.0,0.0,0.0,0.0,0.0,0.0,0.0,0.0,0.0,0.0,0.0,0.0,0.0,0.0,0.0,0.0,0.0,0.0,0.0,0.0,0.0,0.0,0.0,0.0,0.0,0.0,0.0,0.0,0.0,0.0,0.0,0.0,0.0,0.0,0.0,0.0,0.0,0.0,7.0,0.0,0.0,0.0,0.0,3.0,0.0,0.0,0.0,0.0,0.0,0.0,0.0,0.0,0.0,0.0,0.0,0.0,0.0,0.0,0.0,3.0,2.0,0.0,0.0,0.0,0.0,0.0,0.0,0.0,3.0,0.0,0.0,0.0,0.0,0.0,0.0,0.0,0.0,0.0,0.0,0.0,0.0,0.0,0.0,0.0,0.0,0.0,0.0,0.0,0.0,0.0,7.0,18.0,0.0,0.0,0.0,0.0,0.0,0.0,0.0,0.0,0.0,0.0,0.0,0.0,0.0,0.0,0.0,0.0,0.0,8.0,18.0,0.0,2.0,0.0,0.0,0.0
2016-05-01,1.0,0.0,6.0,0.0,0.0,0.0,0.0,0.0,0.0,16.0,0.0,0.0,0.0,0.0,0.0,0.0,0.0,0.0,6.0,0.0,0.0,0.0,2.0,1.0,0.0,0.0,0.0,0.0,0.0,0.0,0.0,0.0,3.0,42.0,0.0,0.0,0.0,0.0,0.0,0.0,2.0,0.0,0.0,0.0,0.0,0.0,37.0,0.0,3.0,0.0,0.0,0.0,0.0,5.0,0.0,0.0,0.0,0.0,10.0,0.0,0.0,0.0,0.0,6.0,0.0,0.0,0.0,15.0,0.0,0.0,0.0,0.0,14.0,0.0,0.0,6.0,0.0,0.0,0.0,0.0,0.0,0.0,0.0,4.0,0.0,0.0,0.0,0.0,0.0,11.0,0.0,0.0,0.0,0.0,0.0,0.0,1.0,0.0,0.0,0.0,0.0,0.0,0.0,3.0,0.0,0.0,0.0,0.0,0.0,0.0,0.0,0.0,0.0,0.0,0.0,0.0,0.0,0.0,0.0,0.0,0.0,12.0,0.0,0.0,0.0,0.0,11.0,0.0,5.0,0.0,0.0,0.0,0.0,0.0,0.0,0.0,0.0,0.0,0.0,0.0,0.0,0.0,0.0,0.0,64.0,0.0,0.0,0.0,0.0,0.0,0.0,0.0,0.0,0.0,0.0,0.0,0.0,0.0,0.0,0.0,0.0,0.0,0.0,0.0,39.0,0.0,0.0,0.0,0.0,0.0,0.0,0.0,0.0,0.0,0.0,0.0,0.0,0.0,0.0,0.0,0.0,0.0,0.0,0.0,0.0,32.0,0.0,0.0,0.0,2.0,0.0,0.0,0.0,0.0,0.0,0.0,0.0,0.0,0.0,0.0,0.0,0.0,0.0,0.0,0.0,0.0,0.0,0.0,0.0,0.0,0.0,0.0,0.0,0.0,9.0,0.0,0.0,0.0,0.0,3.0,0.0,0.0,0.0,0.0,0.0,0.0,0.0,0.0,0.0,0.0,0.0,0.0,0.0,0.0,0.0,3.0,1.0,0.0,0.0,0.0,0.0,0.0,0.0,0.0,3.0,0.0,0.0,0.0,0.0,0.0,0.0,0.0,0.0,0.0,0.0,0.0,0.0,0.0,0.0,0.0,0.0,3.0,0.0,0.0,0.0,0.0,11.0,12.0,0.0,0.0,0.0,0.0,0.0,7.0,0.0,0.0,0.0,0.0,0.0,0.0,0.0,0.0,0.0,0.0,0.0,9.0,22.0,0.0,2.0,0.0,0.0,0.0
2016-06-01,1.0,0.0,5.0,0.0,0.0,0.0,0.0,0.0,0.0,13.0,0.0,0.0,0.0,0.0,0.0,0.0,0.0,0.0,4.0,0.0,0.0,0.0,1.0,1.0,0.0,0.0,0.0,0.0,0.0,0.0,0.0,0.0,2.0,26.0,0.0,0.0,0.0,0.0,0.0,0.0,1.0,0.0,0.0,0.0,0.0,0.0,28.0,0.0,2.0,0.0,0.0,0.0,0.0,0.0,0.0,0.0,0.0,0.0,3.0,0.0,0.0,0.0,0.0,7.0,0.0,8.0,0.0,12.0,0.0,0.0,0.0,0.0,4.0,0.0,0.0,4.0,0.0,0.0,0.0,0.0,0.0,0.0,0.0,3.0,0.0,0.0,0.0,0.0,0.0,8.0,0.0,0.0,0.0,0.0,0.0,0.0,0.0,0.0,2.0,0.0,0.0,0.0,0.0,3.0,0.0,0.0,0.0,0.0,0.0,0.0,0.0,0.0,0.0,0.0,0.0,0.0,0.0,0.0,0.0,0.0,0.0,14.0,0.0,0.0,0.0,1.0,7.0,0.0,4.0,0.0,0.0,0.0,0.0,0.0,0.0,0.0,0.0,0.0,0.0,0.0,0.0,0.0,0.0,0.0,47.0,0.0,0.0,0.0,0.0,0.0,0.0,0.0,0.0,0.0,0.0,0.0,0.0,0.0,0.0,0.0,0.0,0.0,0.0,0.0,26.0,0.0,0.0,0.0,0.0,0.0,0.0,0.0,0.0,0.0,0.0,0.0,0.0,0.0,0.0,0.0,0.0,0.0,0.0,0.0,0.0,32.0,0.0,0.0,0.0,1.0,0.0,0.0,0.0,0.0,0.0,0.0,0.0,0.0,0.0,0.0,0.0,0.0,0.0,0.0,0.0,0.0,0.0,0.0,0.0,0.0,0.0,0.0,0.0,0.0,7.0,0.0,0.0,0.0,0.0,2.0,0.0,0.0,0.0,0.0,0.0,0.0,0.0,0.0,0.0,0.0,0.0,0.0,0.0,0.0,0.0,2.0,1.0,0.0,0.0,0.0,0.0,0.0,0.0,0.0,3.0,0.0,0.0,0.0,0.0,0.0,0.0,0.0,0.0,0.0,0.0,0.0,0.0,0.0,0.0,0.0,0.0,5.0,0.0,0.0,0.0,0.0,9.0,7.0,0.0,0.0,0.0,0.0,0.0,1.0,0.0,0.0,0.0,0.0,0.0,0.0,0.0,0.0,0.0,0.0,0.0,7.0,21.0,3.0,2.0,0.0,0.0,0.0
2016-07-01,9.0,0.0,6.0,0.0,0.0,0.0,0.0,0.0,0.0,16.0,0.0,0.0,0.0,0.0,0.0,0.0,0.0,0.0,6.0,0.0,0.0,0.0,1.0,0.0,0.0,0.0,0.0,0.0,0.0,0.0,0.0,0.0,2.0,38.0,0.0,0.0,0.0,0.0,0.0,0.0,1.0,0.0,0.0,0.0,0.0,0.0,37.0,0.0,3.0,0.0,0.0,0.0,0.0,0.0,0.0,0.0,0.0,0.0,2.0,0.0,0.0,0.0,0.0,7.0,0.0,13.0,0.0,17.0,0.0,0.0,0.0,0.0,3.0,0.0,0.0,5.0,0.0,0.0,0.0,0.0,0.0,0.0,0.0,4.0,3.0,0.0,0.0,0.0,0.0,10.0,0.0,0.0,0.0,0.0,0.0,0.0,0.0,0.0,3.0,0.0,0.0,0.0,0.0,4.0,0.0,0.0,0.0,0.0,0.0,0.0,0.0,0.0,0.0,0.0,0.0,0.0,0.0,0.0,0.0,0.0,0.0,17.0,0.0,0.0,0.0,1.0,7.0,0.0,5.0,0.0,0.0,0.0,0.0,0.0,0.0,0.0,0.0,0.0,0.0,0.0,0.0,0.0,0.0,0.0,58.0,0.0,0.0,0.0,0.0,0.0,0.0,0.0,0.0,0.0,0.0,0.0,0.0,0.0,0.0,1.0,0.0,0.0,0.0,0.0,34.0,0.0,0.0,0.0,0.0,0.0,0.0,0.0,0.0,0.0,0.0,0.0,0.0,0.0,0.0,0.0,0.0,0.0,0.0,0.0,0.0,26.0,0.0,0.0,0.0,2.0,2.0,0.0,0.0,0.0,5.0,0.0,0.0,0.0,0.0,0.0,0.0,0.0,0.0,0.0,0.0,0.0,0.0,0.0,0.0,0.0,0.0,0.0,0.0,0.0,10.0,0.0,0.0,0.0,0.0,2.0,0.0,0.0,0.0,0.0,0.0,0.0,0.0,0.0,0.0,0.0,0.0,0.0,0.0,0.0,0.0,3.0,0.0,0.0,0.0,0.0,0.0,0.0,0.0,0.0,4.0,0.0,0.0,0.0,0.0,0.0,0.0,0.0,0.0,0.0,0.0,0.0,0.0,0.0,0.0,0.0,0.0,2.0,0.0,0.0,0.0,0.0,11.0,6.0,0.0,0.0,0.0,0.0,0.0,1.0,0.0,0.0,0.0,0.0,0.0,0.0,0.0,0.0,0.0,0.0,0.0,9.0,25.0,3.0,2.0,0.0,0.0,0.0
2016-08-01,4.0,0.0,5.0,0.0,0.0,0.0,0.0,0.0,0.0,13.0,0.0,0.0,0.0,0.0,0.0,0.0,0.0,4.0,5.0,0.0,0.0,0.0,0.0,0.0,0.0,0.0,0.0,0.0,0.0,0.0,0.0,0.0,2.0,30.0,0.0,0.0,0.0,0.0,0.0,0.0,1.0,0.0,0.0,0.0,0.0,0.0,33.0,0.0,2.0,0.0,0.0,0.0,0.0,0.0,0.0,0.0,0.0,0.0,1.0,0.0,0.0,0.0,0.0,5.0,0.0,11.0,0.0,15.0,0.0,0.0,1.0,0.0,10.0,0.0,0.0,4.0,0.0,0.0,0.0,0.0,0.0,0.0,0.0,3.0,0.0,0.0,0.0,0.0,0.0,8.0,0.0,0.0,0.0,0.0,0.0,0.0,0.0,0.0,3.0,0.0,0.0,0.0,0.0,4.0,0.0,0.0,0.0,0.0,0.0,0.0,0.0,0.0,0.0,0.0,0.0,0.0,0.0,0.0,0.0,0.0,0.0,12.0,0.0,0.0,0.0,1.0,8.0,0.0,4.0,0.0,0.0,0.0,0.0,0.0,0.0,0.0,0.0,0.0,0.0,0.0,0.0,0.0,0.0,0.0,53.0,0.0,0.0,0.0,0.0,0.0,0.0,0.0,0.0,0.0,0.0,0.0,0.0,0.0,0.0,1.0,0.0,0.0,0.0,0.0,27.0,0.0,0.0,0.0,0.0,0.0,0.0,0.0,0.0,0.0,0.0,0.0,2.0,0.0,0.0,0.0,0.0,13.0,0.0,0.0,0.0,18.0,0.0,0.0,0.0,2.0,0.0,0.0,0.0,0.0,2.0,0.0,0.0,0.0,0.0,0.0,0.0,0.0,0.0,0.0,0.0,0.0,0.0,0.0,0.0,0.0,0.0,0.0,0.0,0.0,8.0,0.0,0.0,0.0,0.0,2.0,0.0,0.0,0.0,0.0,0.0,0.0,0.0,0.0,0.0,0.0,0.0,0.0,0.0,0.0,0.0,2.0,0.0,0.0,0.0,0.0,0.0,0.0,0.0,0.0,3.0,0.0,0.0,0.0,0.0,0.0,0.0,0.0,0.0,0.0,0.0,0.0,0.0,0.0,0.0,0.0,0.0,1.0,0.0,0.0,0.0,0.0,14.0,3.0,0.0,0.0,0.0,0.0,0.0,0.0,0.0,0.0,0.0,0.0,0.0,0.0,0.0,0.0,0.0,0.0,0.0,7.0,33.0,4.0,2.0,0.0,3.0,0.0
2016-09-01,5.0,0.0,11.0,0.0,0.0,0.0,0.0,0.0,0.0,15.0,0.0,0.0,0.0,0.0,0.0,0.0,0.0,9.0,5.0,0.0,1.0,0.0,1.0,1.0,0.0,0.0,0.0,0.0,0.0,0.0,0.0,0.0,2.0,38.0,0.0,0.0,0.0,0.0,0.0,0.0,2.0,0.0,0.0,0.0,0.0,0.0,39.0,0.0,4.0,0.0,0.0,0.0,0.0,0.0,0.0,0.0,0.0,0.0,2.0,0.0,0.0,0.0,0.0,5.0,0.0,13.0,0.0,26.0,0.0,0.0,0.0,0.0,4.0,0.0,0.0,6.0,0.0,0.0,0.0,0.0,0.0,0.0,0.0,5.0,0.0,0.0,0.0,0.0,0.0,5.0,7.0,0.0,0.0,0.0,0.0,0.0,0.0,0.0,4.0,0.0,0.0,0.0,0.0,5.0,0.0,0.0,0.0,0.0,0.0,0.0,0.0,2.0,0.0,0.0,0.0,0.0,0.0,0.0,0.0,0.0,0.0,12.0,0.0,0.0,0.0,1.0,9.0,0.0,5.0,0.0,0.0,0.0,0.0,0.0,0.0,0.0,0.0,0.0,0.0,0.0,0.0,0.0,0.0,0.0,69.0,0.0,0.0,0.0,0.0,0.0,0.0,0.0,0.0,0.0,0.0,0.0,0.0,0.0,0.0,1.0,0.0,0.0,0.0,0.0,29.0,0.0,0.0,0.0,0.0,0.0,0.0,0.0,0.0,0.0,0.0,0.0,1.0,0.0,0.0,0.0,0.0,1.0,0.0,0.0,0.0,22.0,0.0,0.0,0.0,4.0,3.0,0.0,0.0,0.0,0.0,0.0,0.0,0.0,0.0,0.0,0.0,0.0,0.0,0.0,0.0,0.0,0.0,0.0,0.0,0.0,0.0,0.0,0.0,0.0,12.0,0.0,0.0,0.0,0.0,2.0,0.0,0.0,0.0,0.0,0.0,0.0,0.0,0.0,0.0,0.0,0.0,0.0,0.0,0.0,0.0,3.0,0.0,0.0,0.0,0.0,0.0,0.0,0.0,0.0,4.0,0.0,0.0,0.0,0.0,1.0,0.0,0.0,0.0,0.0,0.0,0.0,0.0,0.0,0.0,0.0,0.0,2.0,0.0,0.0,0.0,0.0,16.0,3.0,0.0,0.0,0.0,0.0,0.0,0.0,0.0,0.0,0.0,0.0,0.0,0.0,0.0,0.0,0.0,0.0,0.0,9.0,63.0,5.0,4.0,0.0,3.0,0.0
2016-10-01,5.0,0.0,6.0,0.0,0.0,0.0,0.0,0.0,0.0,14.0,0.0,0.0,0.0,0.0,0.0,0.0,0.0,23.0,3.0,0.0,1.0,0.0,1.0,0.0,0.0,0.0,0.0,0.0,0.0,0.0,0.0,0.0,2.0,26.0,6.0,0.0,0.0,0.0,0.0,0.0,3.0,0.0,0.0,0.0,0.0,0.0,36.0,0.0,4.0,0.0,0.0,0.0,0.0,0.0,0.0,0.0,0.0,0.0,3.0,0.0,0.0,0.0,0.0,4.0,0.0,12.0,0.0,24.0,0.0,0.0,0.0,0.0,5.0,0.0,0.0,5.0,0.0,1.0,0.0,0.0,0.0,0.0,0.0,5.0,0.0,0.0,0.0,0.0,0.0,0.0,20.0,0.0,0.0,0.0,0.0,0.0,0.0,0.0,2.0,0.0,0.0,0.0,0.0,3.0,5.0,0.0,0.0,0.0,0.0,0.0,0.0,2.0,0.0,0.0,0.0,0.0,0.0,0.0,0.0,0.0,0.0,16.0,0.0,0.0,0.0,1.0,9.0,0.0,5.0,0.0,0.0,0.0,0.0,0.0,0.0,0.0,0.0,0.0,0.0,0.0,0.0,0.0,0.0,0.0,66.0,0.0,0.0,0.0,0.0,0.0,9.0,0.0,0.0,0.0,0.0,0.0,0.0,0.0,0.0,1.0,0.0,0.0,0.0,0.0,29.0,0.0,0.0,0.0,0.0,0.0,0.0,0.0,0.0,0.0,0.0,0.0,0.0,0.0,0.0,0.0,0.0,0.0,0.0,0.0,0.0,19.0,0.0,0.0,2.0,5.0,2.0,0.0,0.0,0.0,0.0,0.0,0.0,0.0,0.0,0.0,0.0,0.0,0.0,0.0,0.0,0.0,0.0,0.0,0.0,0.0,0.0,0.0,0.0,0.0,10.0,0.0,0.0,0.0,0.0,2.0,0.0,0.0,0.0,0.0,0.0,0.0,0.0,0.0,0.0,0.0,0.0,0.0,0.0,0.0,0.0,3.0,1.0,0.0,0.0,0.0,0.0,0.0,0.0,0.0,4.0,0.0,0.0,0.0,0.0,0.0,0.0,0.0,0.0,0.0,0.0,0.0,0.0,0.0,0.0,0.0,0.0,1.0,0.0,0.0,0.0,0.0,14.0,4.0,0.0,0.0,0.0,0.0,0.0,0.0,0.0,0.0,0.0,0.0,0.0,0.0,0.0,0.0,0.0,0.0,0.0,9.0,47.0,4.0,9.0,0.0,3.0,0.0
2016-11-01,3.0,0.0,4.0,0.0,0.0,0.0,0.0,0.0,0.0,11.0,0.0,0.0,0.0,0.0,0.0,0.0,0.0,17.0,0.0,0.0,0.0,0.0,1.0,0.0,0.0,0.0,0.0,0.0,0.0,0.0,0.0,0.0,1.0,9.0,11.0,5.0,0.0,0.0,0.0,0.0,3.0,0.0,0.0,0.0,0.0,0.0,30.0,0.0,3.0,0.0,0.0,0.0,0.0,0.0,0.0,0.0,0.0,0.0,1.0,0.0,0.0,0.0,0.0,3.0,0.0,12.0,0.0,22.0,0.0,0.0,0.0,0.0,4.0,2.0,0.0,4.0,0.0,0.0,0.0,0.0,0.0,0.0,0.0,3.0,0.0,0.0,0.0,0.0,0.0,0.0,12.0,0.0,0.0,0.0,0.0,0.0,0.0,0.0,1.0,0.0,0.0,0.0,0.0,0.0,11.0,0.0,0.0,0.0,4.0,0.0,0.0,0.0,0.0,0.0,0.0,0.0,0.0,0.0,0.0,0.0,0.0,10.0,0.0,0.0,0.0,1.0,8.0,0.0,6.0,0.0,0.0,0.0,0.0,0.0,0.0,0.0,0.0,0.0,0.0,0.0,0.0,0.0,0.0,0.0,54.0,0.0,0.0,0.0,0.0,0.0,0.0,0.0,0.0,0.0,0.0,0.0,0.0,0.0,0.0,1.0,0.0,0.0,1.0,0.0,24.0,0.0,0.0,0.0,0.0,0.0,0.0,0.0,0.0,0.0,0.0,0.0,0.0,0.0,0.0,0.0,0.0,0.0,0.0,0.0,0.0,18.0,0.0,0.0,1.0,2.0,1.0,0.0,7.0,0.0,0.0,0.0,0.0,0.0,0.0,0.0,0.0,0.0,0.0,0.0,0.0,0.0,0.0,0.0,0.0,0.0,0.0,0.0,0.0,0.0,8.0,0.0,0.0,0.0,0.0,1.0,0.0,0.0,0.0,0.0,0.0,0.0,0.0,0.0,0.0,0.0,0.0,0.0,0.0,0.0,0.0,2.0,0.0,0.0,0.0,0.0,0.0,0.0,0.0,0.0,3.0,0.0,0.0,0.0,0.0,0.0,0.0,0.0,0.0,0.0,6.0,0.0,0.0,0.0,0.0,0.0,0.0,1.0,0.0,0.0,0.0,0.0,14.0,6.0,0.0,0.0,0.0,0.0,0.0,0.0,0.0,0.0,0.0,0.0,0.0,0.0,0.0,0.0,0.0,0.0,0.0,7.0,35.0,3.0,10.0,0.0,2.0,0.0
2016-12-01,4.0,0.0,14.0,0.0,0.0,0.0,0.0,0.0,0.0,17.0,0.0,0.0,0.0,0.0,0.0,0.0,0.0,15.0,1.0,0.0,0.0,0.0,2.0,1.0,0.0,0.0,0.0,0.0,0.0,0.0,0.0,0.0,2.0,15.0,8.0,4.0,0.0,0.0,0.0,0.0,4.0,0.0,0.0,0.0,0.0,0.0,40.0,0.0,5.0,0.0,0.0,0.0,0.0,0.0,0.0,0.0,0.0,0.0,1.0,0.0,0.0,0.0,0.0,5.0,0.0,16.0,0.0,32.0,0.0,0.0,0.0,0.0,4.0,0.0,0.0,5.0,0.0,0.0,0.0,0.0,0.0,0.0,0.0,7.0,0.0,0.0,0.0,0.0,0.0,0.0,16.0,0.0,0.0,0.0,0.0,0.0,0.0,0.0,2.0,0.0,0.0,0.0,0.0,0.0,7.0,0.0,0.0,0.0,14.0,0.0,0.0,1.0,0.0,1.0,0.0,0.0,0.0,0.0,0.0,0.0,0.0,21.0,0.0,0.0,0.0,1.0,11.0,0.0,7.0,0.0,0.0,0.0,0.0,0.0,0.0,4.0,0.0,0.0,0.0,0.0,0.0,0.0,0.0,0.0,73.0,0.0,0.0,0.0,0.0,0.0,0.0,0.0,0.0,0.0,0.0,0.0,0.0,0.0,0.0,1.0,0.0,0.0,1.0,0.0,37.0,0.0,0.0,0.0,0.0,0.0,0.0,0.0,0.0,0.0,0.0,0.0,0.0,0.0,0.0,0.0,0.0,0.0,0.0,0.0,0.0,27.0,0.0,0.0,1.0,4.0,6.0,0.0,3.0,0.0,0.0,0.0,3.0,0.0,0.0,0.0,0.0,0.0,0.0,0.0,0.0,0.0,0.0,0.0,0.0,0.0,0.0,0.0,0.0,0.0,13.0,0.0,0.0,2.0,0.0,2.0,0.0,0.0,0.0,0.0,0.0,0.0,0.0,0.0,0.0,0.0,0.0,0.0,0.0,0.0,0.0,3.0,1.0,0.0,0.0,0.0,0.0,0.0,0.0,0.0,4.0,0.0,0.0,0.0,0.0,0.0,0.0,0.0,0.0,0.0,3.0,0.0,0.0,0.0,0.0,0.0,0.0,1.0,0.0,0.0,0.0,0.0,19.0,10.0,0.0,0.0,0.0,0.0,0.0,0.0,0.0,0.0,0.0,0.0,0.0,0.0,0.0,0.0,0.0,0.0,0.0,11.0,41.0,5.0,19.0,0.0,3.0,0.0
2017-01-01,4.0,0.0,15.0,0.0,0.0,0.0,0.0,0.0,0.0,22.0,0.0,0.0,0.0,0.0,0.0,0.0,0.0,14.0,2.0,0.0,0.0,0.0,3.0,1.0,0.0,1.0,0.0,1.0,0.0,0.0,0.0,0.0,2.0,20.0,8.0,3.0,0.0,0.0,0.0,0.0,5.0,0.0,0.0,0.0,1.0,0.0,48.0,0.0,6.0,0.0,0.0,0.0,0.0,0.0,0.0,0.0,0.0,0.0,2.0,0.0,0.0,0.0,0.0,5.0,0.0,15.0,0.0,33.0,0.0,0.0,0.0,0.0,15.0,0.0,0.0,7.0,0.0,0.0,0.0,0.0,0.0,0.0,0.0,7.0,0.0,0.0,0.0,0.0,0.0,0.0,18.0,0.0,0.0,0.0,0.0,0.0,1.0,0.0,3.0,0.0,0.0,0.0,0.0,0.0,6.0,0.0,0.0,0.0,3.0,4.0,0.0,1.0,0.0,0.0,0.0,0.0,0.0,0.0,0.0,0.0,0.0,23.0,0.0,0.0,0.0,1.0,9.0,0.0,7.0,0.0,0.0,0.0,0.0,0.0,0.0,3.0,0.0,0.0,0.0,0.0,0.0,0.0,0.0,0.0,86.0,0.0,0.0,0.0,0.0,0.0,0.0,0.0,0.0,0.0,0.0,0.0,0.0,0.0,0.0,1.0,0.0,0.0,1.0,0.0,46.0,0.0,0.0,0.0,0.0,0.0,0.0,0.0,0.0,0.0,0.0,0.0,0.0,0.0,0.0,0.0,0.0,0.0,0.0,0.0,0.0,32.0,0.0,0.0,3.0,3.0,3.0,0.0,1.0,0.0,0.0,0.0,2.0,0.0,0.0,0.0,0.0,0.0,0.0,0.0,0.0,0.0,0.0,0.0,0.0,0.0,0.0,16.0,0.0,0.0,15.0,0.0,0.0,3.0,0.0,3.0,0.0,0.0,0.0,0.0,0.0,0.0,0.0,0.0,0.0,0.0,0.0,0.0,0.0,0.0,0.0,3.0,1.0,0.0,0.0,0.0,0.0,0.0,0.0,0.0,2.0,0.0,0.0,0.0,0.0,3.0,0.0,0.0,0.0,0.0,3.0,6.0,0.0,0.0,0.0,0.0,0.0,2.0,0.0,0.0,0.0,0.0,26.0,10.0,0.0,0.0,0.0,0.0,0.0,0.0,0.0,0.0,0.0,0.0,0.0,2.0,0.0,0.0,0.0,0.0,0.0,12.0,49.0,5.0,26.0,0.0,3.0,0.0
2017-02-01,3.0,0.0,12.0,0.0,0.0,0.0,0.0,0.0,0.0,17.0,0.0,0.0,0.0,0.0,0.0,0.0,0.0,10.0,1.0,0.0,0.0,0.0,3.0,1.0,0.0,0.0,0.0,0.0,0.0,0.0,0.0,0.0,2.0,19.0,7.0,2.0,0.0,0.0,0.0,0.0,4.0,0.0,0.0,0.0,19.0,0.0,46.0,0.0,6.0,0.0,0.0,0.0,0.0,0.0,0.0,0.0,0.0,0.0,2.0,0.0,0.0,0.0,0.0,4.0,0.0,11.0,0.0,24.0,0.0,0.0,0.0,0.0,8.0,0.0,0.0,6.0,0.0,0.0,0.0,0.0,0.0,0.0,0.0,6.0,0.0,0.0,0.0,0.0,0.0,0.0,16.0,0.0,0.0,0.0,0.0,0.0,1.0,0.0,2.0,0.0,0.0,0.0,0.0,0.0,5.0,0.0,0.0,1.0,1.0,19.0,0.0,1.0,0.0,0.0,0.0,0.0,0.0,0.0,0.0,0.0,0.0,15.0,0.0,0.0,0.0,1.0,8.0,0.0,7.0,0.0,0.0,0.0,5.0,0.0,0.0,2.0,0.0,0.0,0.0,0.0,0.0,0.0,0.0,0.0,75.0,0.0,0.0,0.0,0.0,0.0,0.0,0.0,0.0,0.0,0.0,0.0,0.0,0.0,0.0,1.0,0.0,0.0,1.0,0.0,34.0,0.0,0.0,0.0,0.0,0.0,0.0,0.0,0.0,0.0,0.0,0.0,0.0,0.0,0.0,7.0,0.0,0.0,0.0,0.0,0.0,24.0,0.0,0.0,2.0,2.0,1.0,0.0,0.0,0.0,0.0,0.0,2.0,0.0,0.0,0.0,0.0,0.0,0.0,0.0,0.0,0.0,0.0,0.0,0.0,0.0,0.0,12.0,0.0,0.0,12.0,0.0,0.0,2.0,0.0,3.0,0.0,0.0,0.0,0.0,0.0,0.0,0.0,0.0,0.0,0.0,0.0,0.0,0.0,0.0,0.0,2.0,1.0,0.0,0.0,0.0,0.0,0.0,0.0,0.0,2.0,0.0,0.0,0.0,0.0,1.0,0.0,0.0,0.0,2.0,2.0,3.0,0.0,0.0,0.0,0.0,0.0,2.0,0.0,0.0,0.0,6.0,30.0,7.0,0.0,0.0,0.0,0.0,0.0,0.0,0.0,0.0,0.0,0.0,0.0,2.0,0.0,0.0,0.0,0.0,0.0,11.0,43.0,4.0,23.0,0.0,3.0,0.0
2017-03-01,2.0,0.0,6.0,0.0,0.0,0.0,0.0,0.0,0.0,14.0,0.0,0.0,0.0,0.0,0.0,0.0,0.0,6.0,1.0,0.0,0.0,0.0,2.0,1.0,0.0,0.0,0.0,0.0,0.0,0.0,0.0,0.0,1.0,12.0,4.0,1.0,0.0,0.0,0.0,0.0,3.0,0.0,0.0,0.0,2.0,0.0,31.0,0.0,5.0,0.0,0.0,0.0,0.0,0.0,0.0,0.0,0.0,0.0,2.0,0.0,0.0,0.0,0.0,2.0,0.0,8.0,0.0,15.0,0.0,0.0,0.0,0.0,4.0,0.0,0.0,4.0,0.0,0.0,0.0,0.0,0.0,0.0,0.0,4.0,0.0,0.0,0.0,0.0,0.0,0.0,12.0,0.0,0.0,0.0,0.0,0.0,0.0,0.0,0.0,0.0,0.0,0.0,0.0,0.0,4.0,0.0,0.0,1.0,0.0,5.0,0.0,0.0,0.0,0.0,0.0,0.0,0.0,0.0,0.0,0.0,0.0,11.0,0.0,0.0,0.0,1.0,7.0,0.0,5.0,10.0,0.0,0.0,6.0,0.0,0.0,1.0,0.0,0.0,0.0,0.0,0.0,0.0,0.0,0.0,49.0,0.0,0.0,0.0,0.0,0.0,0.0,0.0,0.0,0.0,0.0,0.0,0.0,5.0,0.0,1.0,0.0,0.0,1.0,0.0,21.0,0.0,0.0,0.0,0.0,0.0,0.0,0.0,0.0,0.0,0.0,0.0,0.0,0.0,2.0,0.0,0.0,0.0,0.0,0.0,0.0,19.0,0.0,15.0,2.0,2.0,4.0,0.0,0.0,0.0,0.0,0.0,1.0,0.0,0.0,0.0,0.0,0.0,0.0,0.0,0.0,0.0,0.0,0.0,0.0,0.0,0.0,1.0,0.0,0.0,9.0,0.0,0.0,1.0,0.0,2.0,0.0,0.0,0.0,0.0,0.0,0.0,0.0,0.0,0.0,0.0,0.0,0.0,0.0,0.0,0.0,2.0,1.0,0.0,0.0,0.0,0.0,0.0,0.0,0.0,1.0,0.0,0.0,0.0,0.0,0.0,0.0,0.0,0.0,1.0,1.0,1.0,0.0,0.0,0.0,0.0,0.0,1.0,0.0,0.0,0.0,10.0,16.0,5.0,0.0,0.0,0.0,0.0,0.0,0.0,0.0,0.0,0.0,0.0,0.0,1.0,0.0,0.0,0.0,0.0,0.0,8.0,28.0,3.0,15.0,0.0,1.0,1.0
2017-04-01,2.0,0.0,6.0,0.0,0.0,0.0,0.0,0.0,0.0,12.0,0.0,0.0,0.0,0.0,0.0,0.0,0.0,5.0,1.0,0.0,0.0,0.0,2.0,1.0,0.0,0.0,0.0,0.0,0.0,0.0,0.0,0.0,3.0,12.0,3.0,1.0,0.0,0.0,0.0,0.0,4.0,0.0,0.0,0.0,0.0,0.0,31.0,0.0,5.0,0.0,0.0,0.0,0.0,0.0,0.0,0.0,0.0,0.0,5.0,0.0,0.0,0.0,0.0,2.0,0.0,8.0,0.0,20.0,0.0,0.0,0.0,0.0,13.0,0.0,0.0,4.0,0.0,0.0,0.0,0.0,0.0,0.0,0.0,4.0,0.0,0.0,0.0,0.0,0.0,0.0,13.0,0.0,0.0,0.0,0.0,0.0,1.0,0.0,1.0,0.0,0.0,0.0,0.0,0.0,4.0,0.0,0.0,1.0,0.0,1.0,0.0,0.0,0.0,0.0,0.0,0.0,0.0,0.0,0.0,0.0,0.0,16.0,0.0,0.0,0.0,1.0,8.0,0.0,6.0,1.0,0.0,0.0,7.0,0.0,0.0,0.0,0.0,0.0,0.0,0.0,0.0,0.0,0.0,0.0,54.0,0.0,0.0,0.0,0.0,0.0,0.0,0.0,0.0,0.0,1.0,0.0,0.0,2.0,0.0,2.0,0.0,0.0,1.0,0.0,22.0,0.0,0.0,0.0,0.0,0.0,0.0,0.0,0.0,0.0,0.0,0.0,0.0,0.0,0.0,0.0,0.0,0.0,0.0,0.0,4.0,19.0,0.0,44.0,1.0,2.0,2.0,0.0,0.0,0.0,0.0,0.0,2.0,0.0,0.0,0.0,0.0,0.0,0.0,0.0,0.0,0.0,0.0,0.0,0.0,0.0,0.0,0.0,0.0,0.0,10.0,0.0,0.0,1.0,0.0,2.0,0.0,0.0,0.0,0.0,0.0,0.0,0.0,0.0,0.0,0.0,0.0,0.0,0.0,0.0,0.0,2.0,0.0,0.0,0.0,0.0,0.0,0.0,0.0,0.0,1.0,0.0,0.0,0.0,0.0,0.0,0.0,0.0,0.0,1.0,1.0,0.0,0.0,2.0,0.0,0.0,0.0,1.0,0.0,0.0,0.0,2.0,15.0,3.0,0.0,0.0,0.0,0.0,0.0,0.0,0.0,0.0,0.0,0.0,0.0,1.0,0.0,0.0,0.0,0.0,0.0,8.0,27.0,3.0,11.0,0.0,2.0,0.0
2017-05-01,4.0,0.0,11.0,0.0,0.0,0.0,0.0,0.0,0.0,14.0,0.0,0.0,0.0,0.0,0.0,0.0,0.0,9.0,2.0,0.0,0.0,0.0,4.0,1.0,0.0,1.0,0.0,0.0,0.0,0.0,0.0,0.0,3.0,29.0,5.0,2.0,0.0,0.0,0.0,2.0,4.0,0.0,0.0,0.0,0.0,0.0,52.0,0.0,8.0,0.0,0.0,0.0,0.0,0.0,0.0,0.0,1.0,0.0,4.0,0.0,0.0,0.0,0.0,2.0,0.0,15.0,0.0,30.0,0.0,0.0,0.0,0.0,9.0,0.0,0.0,8.0,0.0,0.0,0.0,0.0,0.0,0.0,1.0,10.0,0.0,0.0,0.0,0.0,0.0,0.0,20.0,0.0,0.0,0.0,0.0,0.0,3.0,0.0,3.0,0.0,0.0,0.0,0.0,0.0,7.0,0.0,0.0,1.0,0.0,2.0,0.0,1.0,0.0,5.0,0.0,0.0,0.0,0.0,0.0,0.0,0.0,36.0,0.0,0.0,0.0,2.0,11.0,0.0,19.0,2.0,0.0,0.0,11.0,0.0,0.0,1.0,0.0,0.0,0.0,0.0,0.0,0.0,0.0,0.0,92.0,0.0,0.0,0.0,0.0,0.0,0.0,0.0,0.0,0.0,3.0,0.0,0.0,1.0,0.0,4.0,0.0,0.0,1.0,0.0,33.0,0.0,0.0,0.0,0.0,0.0,0.0,3.0,0.0,0.0,0.0,0.0,0.0,0.0,1.0,0.0,0.0,0.0,0.0,0.0,3.0,35.0,0.0,84.0,6.0,3.0,2.0,0.0,0.0,0.0,0.0,0.0,2.0,0.0,0.0,0.0,0.0,6.0,0.0,0.0,0.0,0.0,0.0,0.0,0.0,0.0,0.0,0.0,0.0,0.0,15.0,0.0,0.0,2.0,0.0,3.0,0.0,0.0,0.0,0.0,0.0,0.0,0.0,0.0,0.0,0.0,0.0,0.0,0.0,0.0,0.0,3.0,1.0,0.0,0.0,0.0,0.0,0.0,0.0,0.0,2.0,0.0,0.0,0.0,0.0,1.0,0.0,0.0,0.0,2.0,2.0,1.0,0.0,1.0,0.0,0.0,0.0,3.0,0.0,0.0,0.0,2.0,27.0,6.0,0.0,0.0,0.0,0.0,0.0,0.0,0.0,0.0,0.0,0.0,0.0,2.0,0.0,0.0,0.0,0.0,0.0,13.0,46.0,5.0,16.0,0.0,4.0,0.0
2017-06-01,5.0,0.0,14.0,0.0,0.0,0.0,0.0,0.0,0.0,14.0,0.0,0.0,0.0,0.0,0.0,0.0,0.0,9.0,2.0,0.0,0.0,0.0,7.0,1.0,0.0,0.0,0.0,0.0,0.0,0.0,0.0,0.0,2.0,25.0,4.0,1.0,0.0,0.0,0.0,2.0,4.0,0.0,0.0,0.0,0.0,0.0,48.0,0.0,8.0,3.0,0.0,0.0,0.0,0.0,0.0,0.0,0.0,0.0,2.0,0.0,1.0,0.0,0.0,4.0,0.0,14.0,0.0,25.0,0.0,0.0,0.0,0.0,8.0,0.0,0.0,7.0,0.0,0.0,0.0,0.0,0.0,0.0,0.0,9.0,0.0,0.0,0.0,0.0,0.0,0.0,19.0,0.0,0.0,0.0,0.0,6.0,1.0,0.0,3.0,0.0,0.0,0.0,0.0,0.0,6.0,0.0,0.0,0.0,0.0,1.0,0.0,1.0,0.0,13.0,0.0,0.0,0.0,0.0,0.0,0.0,0.0,42.0,0.0,0.0,0.0,2.0,8.0,0.0,12.0,1.0,0.0,0.0,12.0,0.0,0.0,0.0,0.0,0.0,0.0,0.0,3.0,0.0,0.0,0.0,92.0,0.0,0.0,0.0,0.0,0.0,0.0,0.0,0.0,0.0,1.0,0.0,0.0,0.0,0.0,3.0,0.0,0.0,1.0,0.0,35.0,0.0,1.0,0.0,0.0,0.0,0.0,4.0,0.0,0.0,0.0,0.0,0.0,0.0,0.0,0.0,0.0,0.0,0.0,0.0,0.0,41.0,0.0,95.0,4.0,3.0,2.0,0.0,1.0,0.0,0.0,0.0,2.0,0.0,0.0,0.0,0.0,0.0,0.0,0.0,0.0,0.0,0.0,0.0,0.0,0.0,0.0,0.0,0.0,0.0,16.0,0.0,0.0,2.0,0.0,3.0,0.0,0.0,0.0,0.0,0.0,0.0,0.0,0.0,0.0,0.0,0.0,0.0,0.0,0.0,0.0,4.0,1.0,0.0,0.0,0.0,0.0,0.0,0.0,0.0,2.0,0.0,0.0,0.0,0.0,0.0,0.0,0.0,0.0,4.0,2.0,1.0,0.0,2.0,0.0,0.0,0.0,4.0,0.0,0.0,0.0,1.0,28.0,5.0,0.0,0.0,0.0,0.0,0.0,0.0,0.0,0.0,0.0,0.0,0.0,1.0,0.0,0.0,0.0,0.0,0.0,12.0,49.0,5.0,12.0,0.0,4.0,0.0
2017-07-01,8.0,0.0,12.0,0.0,0.0,0.0,0.0,0.0,0.0,15.0,0.0,0.0,0.0,0.0,0.0,0.0,0.0,8.0,2.0,0.0,0.0,0.0,8.0,1.0,0.0,0.0,0.0,0.0,0.0,0.0,0.0,0.0,2.0,21.0,5.0,2.0,0.0,0.0,0.0,2.0,4.0,1.0,0.0,0.0,0.0,0.0,47.0,4.0,8.0,1.0,0.0,0.0,0.0,0.0,0.0,0.0,0.0,0.0,3.0,2.0,2.0,0.0,0.0,4.0,0.0,18.0,0.0,22.0,2.0,0.0,0.0,0.0,24.0,0.0,0.0,8.0,0.0,0.0,0.0,1.0,0.0,0.0,2.0,11.0,0.0,0.0,0.0,0.0,0.0,0.0,16.0,0.0,0.0,0.0,0.0,5.0,1.0,0.0,4.0,0.0,0.0,0.0,0.0,0.0,8.0,0.0,0.0,0.0,0.0,0.0,11.0,1.0,0.0,4.0,0.0,0.0,0.0,0.0,0.0,0.0,0.0,40.0,0.0,0.0,0.0,3.0,8.0,0.0,9.0,1.0,0.0,0.0,15.0,0.0,0.0,0.0,0.0,0.0,0.0,0.0,0.0,0.0,0.0,0.0,97.0,0.0,0.0,0.0,0.0,0.0,0.0,0.0,0.0,0.0,1.0,0.0,0.0,0.0,0.0,2.0,0.0,0.0,2.0,0.0,36.0,0.0,0.0,0.0,0.0,0.0,0.0,4.0,0.0,0.0,0.0,0.0,0.0,0.0,0.0,0.0,0.0,0.0,0.0,0.0,0.0,32.0,0.0,127.0,4.0,3.0,3.0,0.0,1.0,0.0,0.0,0.0,2.0,0.0,0.0,0.0,0.0,0.0,0.0,0.0,0.0,0.0,0.0,0.0,0.0,0.0,0.0,1.0,0.0,0.0,18.0,0.0,0.0,3.0,0.0,3.0,0.0,0.0,0.0,0.0,0.0,0.0,0.0,0.0,0.0,0.0,0.0,0.0,0.0,0.0,0.0,3.0,2.0,0.0,0.0,0.0,0.0,0.0,0.0,0.0,1.0,0.0,0.0,0.0,0.0,0.0,0.0,0.0,0.0,2.0,3.0,2.0,0.0,2.0,0.0,0.0,0.0,3.0,0.0,0.0,0.0,1.0,30.0,6.0,0.0,0.0,0.0,0.0,0.0,0.0,0.0,0.0,0.0,0.0,0.0,3.0,0.0,0.0,0.0,0.0,0.0,12.0,54.0,6.0,14.0,0.0,4.0,0.0
2017-08-01,5.0,0.0,9.0,0.0,0.0,0.0,0.0,0.0,0.0,14.0,0.0,0.0,0.0,0.0,0.0,0.0,0.0,8.0,2.0,0.0,0.0,0.0,5.0,0.0,0.0,0.0,0.0,0.0,0.0,0.0,0.0,0.0,1.0,16.0,2.0,1.0,3.0,0.0,0.0,2.0,3.0,0.0,0.0,0.0,3.0,0.0,46.0,0.0,8.0,2.0,0.0,0.0,0.0,0.0,0.0,0.0,1.0,0.0,2.0,4.0,0.0,0.0,1.0,2.0,0.0,19.0,0.0,14.0,3.0,0.0,0.0,0.0,10.0,0.0,0.0,5.0,0.0,0.0,0.0,0.0,0.0,0.0,6.0,10.0,0.0,0.0,1.0,0.0,0.0,0.0,12.0,0.0,0.0,0.0,0.0,3.0,1.0,0.0,3.0,0.0,0.0,0.0,0.0,0.0,6.0,0.0,0.0,0.0,0.0,1.0,13.0,1.0,0.0,1.0,0.0,0.0,0.0,0.0,0.0,0.0,0.0,35.0,0.0,0.0,0.0,4.0,13.0,3.0,8.0,1.0,0.0,0.0,15.0,0.0,0.0,0.0,0.0,0.0,0.0,0.0,0.0,0.0,0.0,0.0,86.0,0.0,0.0,0.0,0.0,0.0,0.0,0.0,0.0,0.0,0.0,0.0,0.0,0.0,0.0,2.0,0.0,0.0,1.0,0.0,33.0,0.0,0.0,0.0,0.0,0.0,0.0,3.0,0.0,0.0,0.0,0.0,0.0,0.0,0.0,0.0,0.0,1.0,0.0,0.0,0.0,30.0,0.0,133.0,3.0,3.0,14.0,0.0,0.0,0.0,0.0,0.0,1.0,0.0,0.0,0.0,0.0,0.0,0.0,0.0,0.0,0.0,0.0,0.0,0.0,0.0,0.0,0.0,0.0,0.0,15.0,0.0,0.0,2.0,0.0,3.0,0.0,0.0,0.0,0.0,0.0,0.0,0.0,0.0,0.0,0.0,0.0,0.0,0.0,0.0,0.0,3.0,1.0,0.0,0.0,0.0,0.0,0.0,0.0,0.0,1.0,0.0,0.0,0.0,0.0,0.0,0.0,0.0,0.0,2.0,2.0,1.0,0.0,1.0,0.0,0.0,0.0,2.0,0.0,0.0,0.0,1.0,29.0,6.0,0.0,0.0,0.0,0.0,0.0,0.0,0.0,0.0,0.0,0.0,0.0,3.0,0.0,0.0,0.0,0.0,0.0,11.0,45.0,5.0,10.0,0.0,3.0,0.0
2017-09-01,4.0,0.0,16.0,0.0,0.0,0.0,0.0,0.0,0.0,11.0,0.0,0.0,0.0,0.0,0.0,0.0,0.0,8.0,1.0,0.0,0.0,0.0,5.0,1.0,0.0,0.0,0.0,0.0,0.0,0.0,0.0,0.0,1.0,11.0,2.0,1.0,6.0,0.0,0.0,1.0,2.0,0.0,0.0,0.0,2.0,0.0,40.0,0.0,7.0,1.0,0.0,0.0,0.0,0.0,0.0,0.0,1.0,0.0,2.0,1.0,0.0,0.0,0.0,2.0,0.0,19.0,0.0,2.0,58.0,0.0,0.0,0.0,5.0,0.0,3.0,6.0,0.0,0.0,0.0,0.0,0.0,0.0,4.0,10.0,0.0,0.0,2.0,0.0,0.0,0.0,5.0,12.0,0.0,0.0,0.0,3.0,2.0,0.0,2.0,0.0,0.0,0.0,0.0,0.0,6.0,0.0,0.0,0.0,0.0,0.0,11.0,0.0,0.0,0.0,0.0,0.0,0.0,0.0,0.0,0.0,0.0,40.0,0.0,0.0,0.0,5.0,10.0,0.0,9.0,0.0,0.0,0.0,15.0,0.0,0.0,0.0,0.0,0.0,0.0,0.0,0.0,0.0,0.0,0.0,84.0,0.0,0.0,0.0,0.0,0.0,0.0,0.0,0.0,0.0,0.0,0.0,0.0,0.0,0.0,2.0,0.0,0.0,1.0,0.0,28.0,0.0,0.0,0.0,0.0,0.0,0.0,4.0,0.0,0.0,0.0,0.0,0.0,0.0,0.0,0.0,0.0,0.0,0.0,0.0,0.0,29.0,0.0,136.0,2.0,2.0,9.0,0.0,0.0,0.0,0.0,0.0,1.0,0.0,0.0,0.0,0.0,0.0,0.0,0.0,0.0,0.0,0.0,0.0,0.0,0.0,0.0,0.0,0.0,0.0,16.0,0.0,0.0,2.0,0.0,2.0,0.0,0.0,0.0,0.0,0.0,0.0,0.0,0.0,0.0,0.0,0.0,0.0,0.0,0.0,1.0,3.0,1.0,0.0,0.0,0.0,0.0,0.0,0.0,0.0,1.0,0.0,0.0,0.0,0.0,0.0,0.0,0.0,0.0,1.0,3.0,1.0,0.0,0.0,0.0,0.0,0.0,2.0,0.0,0.0,0.0,1.0,29.0,6.0,0.0,0.0,0.0,0.0,0.0,0.0,0.0,0.0,0.0,0.0,0.0,2.0,0.0,0.0,0.0,0.0,0.0,11.0,47.0,6.0,9.0,0.0,3.0,1.0
2017-10-01,5.0,0.0,12.0,0.0,0.0,0.0,0.0,0.0,0.0,12.0,0.0,0.0,0.0,8.0,0.0,0.0,0.0,6.0,1.0,0.0,0.0,0.0,5.0,1.0,0.0,0.0,0.0,0.0,0.0,0.0,0.0,0.0,1.0,10.0,1.0,0.0,1.0,0.0,0.0,0.0,2.0,0.0,0.0,0.0,0.0,0.0,44.0,0.0,7.0,0.0,0.0,5.0,0.0,0.0,0.0,0.0,0.0,0.0,2.0,0.0,0.0,0.0,0.0,3.0,0.0,22.0,0.0,0.0,51.0,0.0,0.0,0.0,4.0,0.0,2.0,6.0,0.0,0.0,0.0,0.0,10.0,0.0,5.0,9.0,0.0,0.0,1.0,0.0,0.0,0.0,0.0,36.0,0.0,0.0,0.0,3.0,2.0,0.0,2.0,0.0,0.0,0.0,0.0,0.0,8.0,0.0,0.0,0.0,0.0,0.0,41.0,0.0,0.0,0.0,0.0,0.0,0.0,0.0,0.0,0.0,4.0,37.0,0.0,0.0,0.0,4.0,9.0,0.0,8.0,0.0,0.0,0.0,17.0,0.0,0.0,0.0,0.0,0.0,0.0,0.0,0.0,0.0,0.0,0.0,89.0,0.0,0.0,0.0,0.0,0.0,0.0,0.0,0.0,0.0,0.0,0.0,0.0,0.0,0.0,2.0,0.0,0.0,2.0,8.0,29.0,0.0,0.0,0.0,0.0,0.0,0.0,4.0,0.0,0.0,0.0,0.0,0.0,0.0,0.0,0.0,0.0,0.0,0.0,0.0,0.0,28.0,0.0,121.0,2.0,2.0,4.0,0.0,0.0,0.0,0.0,0.0,1.0,0.0,0.0,0.0,0.0,0.0,0.0,0.0,0.0,0.0,0.0,0.0,0.0,0.0,0.0,0.0,0.0,0.0,18.0,0.0,0.0,2.0,0.0,2.0,0.0,0.0,0.0,0.0,0.0,0.0,0.0,0.0,9.0,0.0,0.0,0.0,3.0,0.0,1.0,2.0,2.0,0.0,0.0,0.0,0.0,0.0,0.0,0.0,1.0,0.0,0.0,0.0,0.0,1.0,0.0,0.0,0.0,1.0,2.0,2.0,0.0,0.0,0.0,0.0,1.0,2.0,0.0,0.0,0.0,3.0,26.0,5.0,0.0,0.0,0.0,0.0,0.0,0.0,0.0,0.0,0.0,0.0,0.0,12.0,0.0,0.0,0.0,0.0,0.0,10.0,49.0,5.0,7.0,0.0,3.0,3.0
2017-11-01,6.0,0.0,9.0,0.0,0.0,0.0,0.0,0.0,0.0,10.0,0.0,0.0,0.0,15.0,0.0,0.0,0.0,4.0,1.0,0.0,3.0,0.0,4.0,1.0,0.0,0.0,0.0,0.0,0.0,0.0,0.0,0.0,0.0,3.0,0.0,0.0,52.0,0.0,0.0,1.0,1.0,0.0,0.0,0.0,0.0,0.0,43.0,0.0,8.0,0.0,0.0,0.0,0.0,0.0,0.0,0.0,0.0,0.0,1.0,0.0,0.0,0.0,0.0,3.0,0.0,18.0,0.0,0.0,37.0,0.0,0.0,0.0,20.0,0.0,0.0,7.0,0.0,0.0,0.0,0.0,3.0,0.0,6.0,8.0,0.0,0.0,1.0,0.0,0.0,0.0,0.0,23.0,0.0,0.0,0.0,2.0,1.0,0.0,2.0,0.0,0.0,0.0,0.0,0.0,7.0,0.0,0.0,0.0,0.0,0.0,43.0,0.0,0.0,0.0,0.0,0.0,0.0,0.0,0.0,0.0,1.0,34.0,0.0,0.0,0.0,2.0,9.0,0.0,8.0,2.0,0.0,0.0,18.0,0.0,0.0,0.0,0.0,0.0,0.0,0.0,0.0,0.0,0.0,0.0,88.0,0.0,2.0,0.0,0.0,0.0,0.0,0.0,0.0,0.0,0.0,0.0,0.0,0.0,0.0,2.0,0.0,0.0,1.0,1.0,30.0,0.0,0.0,0.0,0.0,0.0,0.0,6.0,0.0,6.0,0.0,0.0,0.0,0.0,0.0,1.0,0.0,0.0,0.0,0.0,0.0,29.0,0.0,101.0,1.0,2.0,4.0,0.0,0.0,0.0,0.0,0.0,1.0,0.0,0.0,3.0,0.0,0.0,0.0,0.0,0.0,0.0,0.0,0.0,0.0,0.0,0.0,0.0,0.0,0.0,14.0,0.0,1.0,3.0,0.0,2.0,0.0,0.0,0.0,0.0,0.0,0.0,0.0,0.0,2.0,0.0,0.0,0.0,8.0,0.0,1.0,4.0,2.0,0.0,0.0,0.0,0.0,5.0,0.0,0.0,1.0,0.0,0.0,0.0,0.0,0.0,0.0,0.0,0.0,1.0,2.0,1.0,0.0,0.0,0.0,0.0,3.0,2.0,0.0,0.0,0.0,1.0,24.0,4.0,0.0,0.0,0.0,0.0,0.0,0.0,0.0,0.0,0.0,0.0,0.0,9.0,0.0,0.0,0.0,0.0,0.0,11.0,55.0,4.0,7.0,0.0,3.0,1.0
2017-12-01,4.0,0.0,18.0,0.0,0.0,0.0,0.0,0.0,0.0,11.0,0.0,0.0,0.0,5.0,0.0,0.0,0.0,5.0,1.0,0.0,1.0,0.0,5.0,2.0,0.0,0.0,0.0,0.0,0.0,0.0,0.0,0.0,0.0,4.0,0.0,0.0,22.0,0.0,0.0,1.0,2.0,0.0,0.0,0.0,0.0,0.0,47.0,0.0,8.0,0.0,0.0,0.0,0.0,0.0,0.0,0.0,1.0,0.0,3.0,0.0,0.0,0.0,0.0,3.0,0.0,18.0,0.0,0.0,23.0,0.0,0.0,0.0,8.0,0.0,0.0,6.0,0.0,0.0,0.0,0.0,1.0,0.0,10.0,15.0,0.0,0.0,0.0,0.0,0.0,0.0,0.0,22.0,0.0,0.0,0.0,2.0,2.0,0.0,2.0,0.0,0.0,0.0,0.0,0.0,6.0,0.0,0.0,0.0,0.0,0.0,64.0,0.0,0.0,0.0,0.0,0.0,0.0,0.0,0.0,0.0,0.0,38.0,0.0,0.0,0.0,2.0,13.0,0.0,9.0,1.0,0.0,0.0,23.0,0.0,0.0,0.0,0.0,0.0,0.0,0.0,0.0,0.0,0.0,0.0,82.0,0.0,2.0,0.0,0.0,0.0,0.0,0.0,0.0,0.0,0.0,0.0,0.0,0.0,0.0,3.0,0.0,0.0,1.0,0.0,30.0,0.0,0.0,0.0,0.0,1.0,0.0,6.0,0.0,1.0,0.0,0.0,0.0,0.0,0.0,1.0,0.0,0.0,0.0,0.0,0.0,28.0,0.0,131.0,1.0,2.0,11.0,0.0,0.0,0.0,0.0,0.0,0.0,0.0,0.0,2.0,0.0,0.0,0.0,0.0,0.0,0.0,0.0,0.0,0.0,0.0,0.0,1.0,0.0,0.0,15.0,0.0,1.0,4.0,0.0,2.0,0.0,0.0,0.0,0.0,0.0,0.0,0.0,0.0,0.0,0.0,0.0,0.0,4.0,0.0,1.0,4.0,1.0,0.0,0.0,0.0,0.0,1.0,0.0,0.0,1.0,0.0,0.0,0.0,0.0,0.0,0.0,0.0,0.0,2.0,2.0,2.0,0.0,2.0,0.0,0.0,1.0,2.0,4.0,0.0,0.0,1.0,31.0,9.0,0.0,0.0,0.0,0.0,0.0,0.0,0.0,0.0,0.0,0.0,0.0,5.0,0.0,0.0,0.0,0.0,0.0,13.0,63.0,6.0,5.0,0.0,4.0,1.0
2018-01-01,5.0,0.0,16.0,0.0,0.0,0.0,0.0,0.0,0.0,13.0,0.0,0.0,0.0,4.0,0.0,0.0,0.0,5.0,2.0,0.0,1.0,0.0,7.0,1.0,0.0,1.0,0.0,0.0,0.0,0.0,0.0,0.0,1.0,5.0,0.0,0.0,16.0,0.0,0.0,1.0,2.0,0.0,0.0,0.0,0.0,0.0,57.0,0.0,8.0,0.0,0.0,0.0,0.0,0.0,0.0,0.0,1.0,0.0,5.0,0.0,0.0,0.0,0.0,3.0,0.0,20.0,0.0,0.0,13.0,0.0,0.0,0.0,6.0,0.0,0.0,7.0,0.0,0.0,0.0,0.0,0.0,0.0,25.0,11.0,0.0,0.0,0.0,0.0,0.0,0.0,0.0,23.0,0.0,0.0,0.0,3.0,2.0,0.0,3.0,0.0,0.0,0.0,0.0,0.0,6.0,0.0,0.0,0.0,0.0,0.0,96.0,0.0,0.0,0.0,0.0,0.0,0.0,0.0,0.0,0.0,0.0,41.0,0.0,0.0,0.0,2.0,12.0,0.0,10.0,1.0,0.0,0.0,23.0,0.0,0.0,1.0,0.0,0.0,0.0,0.0,0.0,0.0,0.0,0.0,107.0,0.0,1.0,0.0,0.0,0.0,0.0,0.0,0.0,0.0,1.0,0.0,0.0,0.0,0.0,2.0,0.0,0.0,1.0,0.0,29.0,0.0,0.0,0.0,0.0,20.0,0.0,6.0,0.0,0.0,0.0,0.0,0.0,0.0,0.0,1.0,0.0,0.0,0.0,0.0,0.0,36.0,0.0,154.0,2.0,1.0,7.0,0.0,0.0,0.0,0.0,0.0,0.0,0.0,0.0,1.0,0.0,0.0,0.0,0.0,0.0,0.0,0.0,0.0,0.0,0.0,0.0,1.0,0.0,0.0,16.0,0.0,2.0,4.0,0.0,2.0,0.0,5.0,0.0,0.0,0.0,2.0,0.0,0.0,0.0,0.0,0.0,1.0,2.0,0.0,1.0,3.0,2.0,0.0,0.0,0.0,0.0,1.0,0.0,0.0,1.0,0.0,0.0,0.0,0.0,0.0,0.0,0.0,0.0,2.0,3.0,3.0,0.0,2.0,0.0,0.0,1.0,3.0,9.0,0.0,0.0,2.0,34.0,11.0,0.0,0.0,0.0,0.0,0.0,0.0,0.0,0.0,0.0,0.0,0.0,3.0,0.0,0.0,0.0,0.0,0.0,15.0,61.0,6.0,4.0,0.0,4.0,1.0
2018-02-01,5.0,0.0,13.0,0.0,0.0,0.0,0.0,0.0,0.0,11.0,0.0,0.0,0.0,2.0,0.0,0.0,3.0,5.0,2.0,0.0,1.0,0.0,8.0,2.0,0.0,0.0,0.0,0.0,0.0,0.0,0.0,0.0,0.0,4.0,0.0,0.0,12.0,0.0,0.0,1.0,2.0,0.0,0.0,0.0,0.0,0.0,58.0,0.0,8.0,0.0,0.0,0.0,0.0,0.0,0.0,0.0,1.0,0.0,5.0,0.0,0.0,0.0,0.0,2.0,0.0,22.0,0.0,0.0,10.0,0.0,0.0,0.0,12.0,0.0,0.0,7.0,0.0,0.0,0.0,0.0,0.0,2.0,16.0,9.0,0.0,0.0,0.0,0.0,0.0,0.0,0.0,19.0,0.0,0.0,0.0,5.0,2.0,0.0,2.0,0.0,0.0,0.0,0.0,0.0,6.0,0.0,0.0,0.0,0.0,1.0,146.0,0.0,0.0,0.0,0.0,0.0,0.0,0.0,0.0,0.0,0.0,37.0,0.0,0.0,0.0,3.0,10.0,0.0,8.0,0.0,7.0,0.0,24.0,0.0,0.0,0.0,0.0,0.0,0.0,0.0,0.0,22.0,0.0,0.0,99.0,0.0,0.0,0.0,0.0,0.0,0.0,0.0,0.0,0.0,0.0,0.0,0.0,0.0,0.0,2.0,0.0,0.0,1.0,0.0,24.0,0.0,0.0,0.0,0.0,41.0,0.0,6.0,0.0,0.0,0.0,0.0,0.0,0.0,0.0,0.0,0.0,0.0,0.0,0.0,0.0,31.0,0.0,124.0,2.0,0.0,3.0,0.0,0.0,0.0,0.0,0.0,0.0,0.0,0.0,1.0,0.0,0.0,0.0,0.0,0.0,0.0,0.0,0.0,0.0,0.0,0.0,0.0,0.0,0.0,16.0,0.0,2.0,5.0,0.0,4.0,0.0,7.0,4.0,0.0,0.0,3.0,0.0,0.0,0.0,0.0,0.0,0.0,1.0,0.0,0.0,3.0,2.0,0.0,1.0,9.0,0.0,0.0,0.0,0.0,1.0,0.0,0.0,0.0,0.0,0.0,0.0,0.0,0.0,2.0,2.0,2.0,0.0,1.0,0.0,0.0,1.0,4.0,2.0,0.0,0.0,1.0,33.0,7.0,0.0,0.0,0.0,0.0,0.0,0.0,0.0,0.0,0.0,0.0,0.0,4.0,0.0,0.0,0.0,0.0,0.0,12.0,65.0,6.0,2.0,0.0,4.0,1.0
2018-03-01,4.0,9.0,12.0,0.0,0.0,0.0,0.0,0.0,0.0,11.0,0.0,0.0,0.0,2.0,0.0,0.0,0.0,5.0,2.0,0.0,1.0,0.0,7.0,1.0,0.0,5.0,0.0,0.0,0.0,0.0,0.0,0.0,0.0,5.0,0.0,0.0,8.0,0.0,0.0,1.0,2.0,0.0,0.0,0.0,0.0,0.0,51.0,0.0,7.0,0.0,0.0,0.0,0.0,0.0,0.0,0.0,1.0,0.0,4.0,0.0,0.0,2.0,0.0,2.0,0.0,19.0,0.0,0.0,8.0,0.0,0.0,0.0,14.0,0.0,0.0,7.0,0.0,0.0,0.0,0.0,0.0,6.0,10.0,9.0,0.0,0.0,0.0,0.0,0.0,0.0,0.0,16.0,0.0,0.0,0.0,3.0,2.0,0.0,2.0,0.0,18.0,0.0,0.0,0.0,6.0,0.0,0.0,0.0,5.0,1.0,209.0,0.0,0.0,0.0,0.0,0.0,0.0,0.0,0.0,0.0,0.0,34.0,0.0,0.0,0.0,2.0,9.0,0.0,8.0,0.0,6.0,0.0,24.0,0.0,0.0,0.0,0.0,0.0,0.0,0.0,0.0,6.0,0.0,0.0,90.0,0.0,0.0,0.0,0.0,0.0,0.0,0.0,0.0,0.0,0.0,0.0,0.0,0.0,0.0,3.0,0.0,0.0,1.0,0.0,20.0,0.0,0.0,0.0,0.0,11.0,0.0,6.0,0.0,0.0,0.0,0.0,0.0,0.0,0.0,0.0,0.0,0.0,0.0,0.0,0.0,31.0,0.0,110.0,2.0,0.0,12.0,0.0,0.0,0.0,0.0,0.0,0.0,0.0,0.0,1.0,0.0,0.0,0.0,0.0,0.0,0.0,0.0,0.0,0.0,0.0,0.0,0.0,0.0,0.0,16.0,0.0,3.0,3.0,0.0,3.0,0.0,34.0,0.0,0.0,0.0,0.0,0.0,0.0,0.0,0.0,0.0,0.0,0.0,0.0,0.0,4.0,1.0,0.0,1.0,3.0,0.0,0.0,0.0,2.0,1.0,0.0,0.0,0.0,1.0,0.0,0.0,0.0,0.0,2.0,1.0,1.0,0.0,1.0,0.0,0.0,1.0,3.0,0.0,0.0,0.0,2.0,38.0,7.0,0.0,0.0,0.0,0.0,0.0,0.0,0.0,0.0,0.0,0.0,0.0,3.0,0.0,0.0,0.0,0.0,0.0,13.0,54.0,6.0,3.0,0.0,4.0,0.0
2018-04-01,5.0,4.0,14.0,0.0,0.0,0.0,0.0,0.0,0.0,11.0,0.0,0.0,0.0,1.0,0.0,0.0,0.0,4.0,2.0,0.0,1.0,0.0,8.0,1.0,0.0,3.0,0.0,1.0,0.0,0.0,0.0,0.0,0.0,5.0,0.0,0.0,7.0,0.0,0.0,1.0,2.0,0.0,0.0,0.0,2.0,0.0,53.0,0.0,10.0,1.0,0.0,0.0,0.0,0.0,0.0,0.0,1.0,0.0,4.0,0.0,0.0,5.0,0.0,3.0,0.0,23.0,0.0,0.0,10.0,0.0,0.0,0.0,8.0,0.0,0.0,9.0,0.0,0.0,0.0,0.0,0.0,2.0,13.0,13.0,0.0,0.0,1.0,0.0,0.0,0.0,0.0,16.0,0.0,0.0,0.0,3.0,2.0,0.0,2.0,0.0,24.0,0.0,0.0,0.0,6.0,0.0,0.0,0.0,1.0,1.0,261.0,0.0,0.0,0.0,5.0,0.0,0.0,0.0,0.0,26.0,0.0,44.0,0.0,0.0,0.0,3.0,16.0,0.0,11.0,0.0,3.0,0.0,29.0,0.0,0.0,1.0,0.0,0.0,0.0,0.0,0.0,1.0,0.0,0.0,97.0,0.0,0.0,0.0,0.0,0.0,0.0,1.0,0.0,0.0,1.0,0.0,0.0,0.0,0.0,3.0,0.0,0.0,1.0,0.0,21.0,0.0,0.0,0.0,0.0,7.0,0.0,7.0,0.0,0.0,0.0,0.0,0.0,0.0,0.0,0.0,0.0,0.0,0.0,0.0,0.0,36.0,0.0,113.0,3.0,0.0,7.0,0.0,0.0,0.0,0.0,0.0,0.0,0.0,0.0,2.0,0.0,0.0,0.0,0.0,4.0,0.0,0.0,0.0,0.0,0.0,0.0,0.0,0.0,0.0,21.0,0.0,4.0,3.0,0.0,3.0,0.0,19.0,0.0,0.0,0.0,0.0,0.0,0.0,0.0,0.0,0.0,1.0,0.0,0.0,1.0,4.0,2.0,0.0,0.0,1.0,0.0,0.0,0.0,6.0,1.0,0.0,0.0,0.0,1.0,0.0,0.0,0.0,0.0,3.0,2.0,2.0,0.0,1.0,0.0,0.0,1.0,3.0,0.0,0.0,0.0,4.0,37.0,7.0,0.0,0.0,0.0,0.0,0.0,0.0,0.0,0.0,0.0,2.0,0.0,5.0,0.0,0.0,0.0,0.0,0.0,18.0,62.0,6.0,2.0,0.0,6.0,1.0
2018-05-01,5.0,1.0,12.0,0.0,0.0,0.0,0.0,0.0,0.0,13.0,0.0,0.0,0.0,1.0,0.0,0.0,0.0,6.0,3.0,0.0,1.0,0.0,9.0,1.0,4.0,1.0,0.0,1.0,0.0,0.0,0.0,0.0,0.0,8.0,0.0,0.0,6.0,0.0,0.0,2.0,1.0,0.0,0.0,0.0,27.0,0.0,54.0,0.0,10.0,0.0,0.0,0.0,0.0,0.0,0.0,0.0,7.0,0.0,4.0,0.0,0.0,5.0,7.0,4.0,0.0,25.0,0.0,0.0,26.0,8.0,0.0,0.0,6.0,0.0,0.0,10.0,0.0,0.0,0.0,0.0,0.0,1.0,21.0,14.0,0.0,0.0,2.0,0.0,0.0,0.0,0.0,21.0,0.0,0.0,0.0,4.0,3.0,0.0,2.0,0.0,5.0,0.0,0.0,0.0,6.0,0.0,0.0,0.0,0.0,2.0,299.0,0.0,0.0,0.0,4.0,0.0,0.0,0.0,0.0,12.0,0.0,51.0,0.0,0.0,0.0,4.0,11.0,0.0,11.0,0.0,2.0,0.0,33.0,0.0,0.0,1.0,0.0,0.0,0.0,0.0,0.0,1.0,0.0,0.0,104.0,0.0,0.0,0.0,0.0,0.0,0.0,1.0,0.0,0.0,1.0,0.0,0.0,0.0,0.0,4.0,0.0,0.0,2.0,0.0,23.0,0.0,0.0,0.0,0.0,4.0,0.0,9.0,0.0,0.0,0.0,0.0,0.0,0.0,0.0,0.0,0.0,0.0,0.0,0.0,0.0,43.0,1.0,100.0,4.0,0.0,7.0,0.0,0.0,0.0,0.0,0.0,0.0,0.0,0.0,2.0,0.0,0.0,0.0,0.0,1.0,5.0,0.0,0.0,0.0,0.0,0.0,0.0,0.0,0.0,21.0,0.0,5.0,2.0,0.0,3.0,0.0,8.0,0.0,0.0,0.0,0.0,0.0,0.0,0.0,0.0,0.0,0.0,0.0,0.0,1.0,4.0,13.0,11.0,0.0,1.0,0.0,0.0,0.0,2.0,1.0,0.0,0.0,0.0,1.0,1.0,0.0,0.0,0.0,3.0,2.0,13.0,0.0,1.0,0.0,0.0,1.0,3.0,0.0,0.0,0.0,1.0,41.0,7.0,0.0,0.0,0.0,0.0,0.0,0.0,0.0,0.0,0.0,2.0,0.0,4.0,0.0,0.0,0.0,0.0,0.0,15.0,67.0,7.0,6.0,3.0,6.0,0.0
2018-06-01,5.0,0.0,12.0,0.0,0.0,0.0,0.0,0.0,0.0,11.0,0.0,0.0,0.0,1.0,0.0,0.0,0.0,7.0,3.0,0.0,0.0,0.0,7.0,1.0,7.0,1.0,0.0,1.0,0.0,0.0,0.0,0.0,1.0,13.0,0.0,0.0,6.0,0.0,0.0,1.0,1.0,0.0,0.0,0.0,8.0,0.0,50.0,0.0,10.0,0.0,0.0,0.0,0.0,0.0,0.0,0.0,9.0,1.0,3.0,0.0,1.0,1.0,8.0,5.0,0.0,31.0,0.0,0.0,17.0,7.0,0.0,0.0,20.0,0.0,0.0,9.0,0.0,0.0,0.0,0.0,0.0,0.0,12.0,11.0,0.0,0.0,1.0,0.0,0.0,0.0,0.0,17.0,0.0,0.0,0.0,3.0,2.0,0.0,4.0,0.0,2.0,0.0,0.0,0.0,6.0,0.0,0.0,0.0,0.0,4.0,233.0,0.0,0.0,0.0,0.0,0.0,0.0,0.0,0.0,3.0,0.0,48.0,0.0,0.0,0.0,4.0,9.0,0.0,12.0,0.0,3.0,0.0,31.0,0.0,0.0,1.0,0.0,27.0,0.0,0.0,0.0,1.0,0.0,0.0,92.0,0.0,0.0,0.0,0.0,0.0,0.0,1.0,0.0,0.0,1.0,0.0,0.0,0.0,0.0,4.0,0.0,0.0,2.0,0.0,21.0,0.0,0.0,0.0,0.0,4.0,0.0,10.0,0.0,0.0,0.0,0.0,0.0,0.0,0.0,1.0,0.0,0.0,0.0,0.0,0.0,33.0,0.0,84.0,3.0,0.0,17.0,0.0,0.0,0.0,0.0,0.0,0.0,0.0,0.0,2.0,0.0,0.0,0.0,0.0,0.0,6.0,32.0,0.0,0.0,0.0,0.0,0.0,3.0,0.0,21.0,0.0,9.0,2.0,0.0,3.0,0.0,5.0,0.0,0.0,0.0,0.0,0.0,0.0,0.0,0.0,0.0,1.0,0.0,0.0,0.0,3.0,5.0,3.0,0.0,1.0,0.0,0.0,0.0,1.0,1.0,0.0,0.0,0.0,0.0,0.0,7.0,0.0,0.0,4.0,2.0,7.0,0.0,1.0,0.0,0.0,2.0,3.0,0.0,0.0,0.0,1.0,43.0,7.0,0.0,0.0,0.0,0.0,0.0,0.0,0.0,0.0,8.0,2.0,0.0,5.0,0.0,0.0,0.0,0.0,0.0,13.0,57.0,7.0,7.0,1.0,6.0,0.0
2018-07-01,5.0,0.0,14.0,0.0,0.0,0.0,0.0,0.0,0.0,11.0,0.0,0.0,0.0,1.0,0.0,0.0,0.0,7.0,2.0,0.0,0.0,0.0,7.0,1.0,0.0,1.0,0.0,1.0,0.0,0.0,0.0,0.0,1.0,13.0,0.0,0.0,6.0,0.0,0.0,1.0,1.0,0.0,0.0,0.0,5.0,0.0,54.0,1.0,9.0,1.0,0.0,0.0,0.0,0.0,0.0,0.0,4.0,1.0,4.0,0.0,1.0,0.0,1.0,2.0,0.0,37.0,0.0,0.0,16.0,1.0,0.0,0.0,13.0,0.0,0.0,9.0,0.0,0.0,0.0,0.0,0.0,0.0,15.0,11.0,0.0,0.0,1.0,0.0,0.0,0.0,0.0,13.0,0.0,0.0,0.0,4.0,2.0,0.0,4.0,0.0,1.0,0.0,0.0,0.0,8.0,0.0,0.0,0.0,1.0,3.0,267.0,0.0,0.0,0.0,0.0,0.0,0.0,0.0,0.0,2.0,0.0,62.0,0.0,0.0,0.0,4.0,9.0,0.0,13.0,0.0,4.0,0.0,32.0,0.0,0.0,1.0,6.0,4.0,0.0,0.0,0.0,2.0,0.0,0.0,89.0,0.0,0.0,0.0,0.0,0.0,0.0,1.0,0.0,0.0,1.0,0.0,0.0,0.0,0.0,5.0,0.0,0.0,1.0,0.0,22.0,0.0,0.0,0.0,0.0,3.0,0.0,9.0,0.0,0.0,0.0,0.0,0.0,0.0,0.0,1.0,0.0,9.0,0.0,0.0,0.0,38.0,0.0,82.0,3.0,0.0,6.0,0.0,0.0,0.0,0.0,0.0,0.0,0.0,0.0,3.0,0.0,0.0,0.0,0.0,0.0,1.0,12.0,0.0,0.0,0.0,0.0,1.0,0.0,0.0,23.0,0.0,13.0,3.0,0.0,2.0,0.0,5.0,0.0,0.0,0.0,1.0,0.0,0.0,0.0,0.0,0.0,2.0,0.0,0.0,0.0,3.0,3.0,0.0,0.0,1.0,0.0,0.0,0.0,0.0,1.0,0.0,0.0,0.0,1.0,0.0,6.0,0.0,0.0,4.0,2.0,5.0,0.0,1.0,0.0,0.0,3.0,3.0,0.0,0.0,0.0,1.0,41.0,7.0,0.0,0.0,0.0,0.0,0.0,0.0,0.0,0.0,0.0,2.0,0.0,10.0,0.0,0.0,0.0,0.0,0.0,13.0,67.0,7.0,5.0,2.0,7.0,0.0
2018-08-01,4.0,0.0,10.0,0.0,0.0,0.0,0.0,0.0,0.0,10.0,0.0,0.0,0.0,1.0,0.0,0.0,0.0,6.0,2.0,0.0,0.0,0.0,5.0,1.0,0.0,0.0,0.0,0.0,0.0,0.0,15.0,0.0,1.0,11.0,0.0,0.0,5.0,0.0,0.0,1.0,1.0,0.0,0.0,0.0,2.0,0.0,59.0,0.0,10.0,0.0,0.0,0.0,0.0,0.0,0.0,0.0,1.0,0.0,2.0,0.0,0.0,0.0,0.0,3.0,0.0,43.0,0.0,0.0,21.0,1.0,0.0,0.0,6.0,0.0,0.0,8.0,0.0,0.0,0.0,1.0,0.0,0.0,18.0,13.0,0.0,0.0,1.0,0.0,0.0,0.0,0.0,15.0,0.0,0.0,0.0,3.0,2.0,0.0,3.0,0.0,1.0,0.0,0.0,0.0,7.0,0.0,0.0,0.0,0.0,3.0,237.0,0.0,0.0,0.0,0.0,0.0,0.0,0.0,0.0,1.0,0.0,62.0,6.0,0.0,0.0,4.0,12.0,0.0,9.0,0.0,5.0,0.0,35.0,0.0,0.0,0.0,0.0,0.0,0.0,0.0,0.0,0.0,0.0,0.0,100.0,0.0,0.0,0.0,0.0,0.0,1.0,1.0,0.0,0.0,1.0,0.0,0.0,0.0,0.0,4.0,0.0,0.0,2.0,0.0,22.0,0.0,0.0,0.0,0.0,40.0,0.0,8.0,0.0,0.0,0.0,0.0,0.0,0.0,0.0,0.0,0.0,13.0,0.0,0.0,0.0,37.0,0.0,77.0,4.0,0.0,5.0,0.0,0.0,0.0,0.0,0.0,0.0,0.0,0.0,3.0,0.0,0.0,0.0,0.0,0.0,0.0,5.0,0.0,0.0,0.0,0.0,0.0,0.0,1.0,21.0,0.0,10.0,2.0,16.0,3.0,0.0,5.0,0.0,0.0,0.0,0.0,0.0,0.0,0.0,0.0,0.0,1.0,0.0,0.0,1.0,3.0,3.0,0.0,0.0,0.0,0.0,0.0,0.0,1.0,1.0,0.0,0.0,0.0,1.0,0.0,1.0,0.0,0.0,4.0,2.0,2.0,0.0,1.0,0.0,0.0,2.0,3.0,0.0,0.0,0.0,1.0,44.0,6.0,0.0,0.0,0.0,0.0,0.0,0.0,0.0,0.0,0.0,2.0,0.0,8.0,0.0,0.0,0.0,0.0,0.0,13.0,151.0,7.0,3.0,2.0,7.0,0.0
2018-09-01,4.0,0.0,9.0,0.0,0.0,0.0,0.0,0.0,0.0,10.0,0.0,0.0,0.0,1.0,0.0,0.0,0.0,6.0,2.0,13.0,0.0,1.0,6.0,2.0,0.0,0.0,0.0,0.0,0.0,0.0,19.0,0.0,1.0,9.0,0.0,0.0,5.0,0.0,0.0,1.0,1.0,0.0,0.0,0.0,2.0,0.0,58.0,0.0,8.0,0.0,0.0,0.0,0.0,0.0,0.0,0.0,1.0,0.0,2.0,0.0,0.0,0.0,0.0,2.0,0.0,44.0,0.0,0.0,48.0,1.0,0.0,0.0,13.0,0.0,1.0,8.0,0.0,0.0,5.0,1.0,0.0,0.0,13.0,14.0,0.0,0.0,0.0,0.0,0.0,0.0,0.0,6.0,24.0,0.0,0.0,5.0,2.0,0.0,2.0,0.0,1.0,0.0,0.0,0.0,7.0,0.0,0.0,0.0,0.0,3.0,240.0,0.0,3.0,0.0,0.0,0.0,0.0,0.0,0.0,1.0,0.0,54.0,3.0,0.0,0.0,4.0,8.0,0.0,8.0,0.0,3.0,0.0,30.0,0.0,0.0,0.0,0.0,0.0,0.0,2.0,0.0,0.0,0.0,0.0,101.0,0.0,0.0,0.0,0.0,0.0,0.0,1.0,0.0,0.0,1.0,0.0,15.0,0.0,0.0,4.0,0.0,0.0,2.0,0.0,23.0,0.0,0.0,0.0,0.0,15.0,0.0,9.0,0.0,0.0,0.0,0.0,0.0,0.0,0.0,0.0,0.0,2.0,0.0,0.0,0.0,36.0,0.0,68.0,3.0,0.0,15.0,0.0,0.0,0.0,0.0,0.0,0.0,0.0,0.0,2.0,0.0,0.0,0.0,0.0,0.0,0.0,1.0,0.0,0.0,0.0,0.0,0.0,2.0,1.0,25.0,0.0,8.0,3.0,49.0,2.0,0.0,3.0,0.0,0.0,17.0,0.0,0.0,0.0,0.0,0.0,0.0,1.0,0.0,0.0,1.0,3.0,2.0,0.0,0.0,0.0,0.0,0.0,0.0,0.0,1.0,0.0,0.0,0.0,0.0,0.0,0.0,0.0,0.0,5.0,2.0,2.0,0.0,1.0,0.0,0.0,2.0,3.0,0.0,0.0,0.0,1.0,50.0,5.0,0.0,0.0,0.0,0.0,7.0,0.0,0.0,0.0,0.0,2.0,0.0,6.0,0.0,0.0,0.0,0.0,0.0,15.0,147.0,7.0,2.0,1.0,7.0,1.0
2018-10-01,6.0,0.0,12.0,1.0,0.0,0.0,0.0,0.0,0.0,10.0,5.0,0.0,35.0,1.0,0.0,0.0,0.0,6.0,1.0,0.0,0.0,6.0,5.0,1.0,0.0,0.0,0.0,0.0,0.0,0.0,154.0,0.0,1.0,5.0,0.0,0.0,2.0,0.0,8.0,1.0,1.0,0.0,0.0,0.0,3.0,0.0,60.0,0.0,0.0,0.0,0.0,0.0,0.0,0.0,0.0,0.0,1.0,0.0,2.0,0.0,0.0,0.0,0.0,2.0,0.0,42.0,0.0,0.0,26.0,0.0,0.0,0.0,11.0,0.0,0.0,8.0,0.0,0.0,1.0,0.0,0.0,0.0,9.0,14.0,0.0,0.0,0.0,0.0,0.0,0.0,0.0,0.0,48.0,0.0,0.0,4.0,2.0,0.0,4.0,1.0,0.0,0.0,0.0,0.0,8.0,0.0,0.0,0.0,0.0,3.0,214.0,0.0,14.0,2.0,0.0,0.0,0.0,0.0,0.0,0.0,0.0,53.0,1.0,0.0,0.0,3.0,7.0,0.0,9.0,0.0,3.0,0.0,0.0,0.0,0.0,0.0,0.0,0.0,0.0,28.0,0.0,1.0,0.0,0.0,108.0,0.0,0.0,0.0,0.0,0.0,0.0,6.0,5.0,0.0,0.0,0.0,2.0,0.0,0.0,3.0,0.0,0.0,2.0,0.0,27.0,0.0,0.0,0.0,0.0,7.0,0.0,8.0,0.0,0.0,0.0,0.0,0.0,0.0,0.0,0.0,0.0,0.0,0.0,0.0,0.0,36.0,0.0,63.0,3.0,0.0,8.0,0.0,0.0,0.0,0.0,0.0,0.0,0.0,0.0,2.0,0.0,0.0,0.0,0.0,0.0,1.0,1.0,33.0,0.0,0.0,0.0,1.0,1.0,0.0,23.0,0.0,8.0,5.0,7.0,2.0,0.0,4.0,0.0,0.0,4.0,0.0,0.0,0.0,0.0,0.0,0.0,2.0,1.0,0.0,1.0,3.0,2.0,0.0,0.0,1.0,0.0,0.0,0.0,0.0,2.0,0.0,0.0,0.0,0.0,0.0,0.0,0.0,0.0,4.0,2.0,2.0,0.0,1.0,0.0,0.0,2.0,3.0,0.0,0.0,0.0,1.0,44.0,4.0,0.0,0.0,0.0,0.0,1.0,0.0,0.0,0.0,0.0,2.0,0.0,5.0,0.0,0.0,0.0,0.0,0.0,16.0,96.0,8.0,1.0,1.0,7.0,1.0
2018-11-01,7.0,0.0,25.0,0.0,0.0,0.0,0.0,0.0,0.0,7.0,5.0,0.0,9.0,0.0,0.0,0.0,0.0,3.0,1.0,38.0,0.0,2.0,5.0,1.0,0.0,0.0,0.0,0.0,0.0,0.0,114.0,0.0,0.0,2.0,0.0,0.0,0.0,0.0,10.0,1.0,1.0,0.0,0.0,0.0,1.0,0.0,50.0,0.0,0.0,0.0,0.0,0.0,0.0,0.0,0.0,0.0,1.0,0.0,2.0,0.0,0.0,0.0,0.0,5.0,0.0,31.0,0.0,0.0,31.0,0.0,0.0,0.0,8.0,0.0,0.0,8.0,0.0,0.0,0.0,0.0,0.0,0.0,12.0,11.0,0.0,0.0,0.0,0.0,0.0,0.0,0.0,0.0,34.0,0.0,0.0,3.0,2.0,0.0,3.0,38.0,0.0,0.0,0.0,0.0,4.0,22.0,0.0,0.0,0.0,1.0,188.0,0.0,4.0,0.0,0.0,0.0,0.0,0.0,0.0,0.0,0.0,42.0,0.0,0.0,0.0,3.0,7.0,0.0,9.0,0.0,3.0,0.0,0.0,0.0,0.0,0.0,0.0,0.0,0.0,31.0,0.0,0.0,0.0,0.0,107.0,0.0,0.0,0.0,0.0,0.0,0.0,4.0,1.0,4.0,0.0,0.0,1.0,0.0,0.0,3.0,0.0,0.0,1.0,0.0,24.0,0.0,0.0,0.0,0.0,5.0,0.0,7.0,0.0,0.0,0.0,0.0,0.0,0.0,0.0,0.0,0.0,0.0,5.0,0.0,0.0,34.0,0.0,49.0,2.0,0.0,5.0,0.0,0.0,0.0,0.0,0.0,0.0,0.0,0.0,1.0,15.0,0.0,0.0,0.0,0.0,0.0,2.0,40.0,0.0,0.0,0.0,0.0,16.0,0.0,20.0,0.0,4.0,4.0,2.0,2.0,0.0,3.0,0.0,0.0,1.0,0.0,0.0,0.0,0.0,0.0,0.0,4.0,1.0,0.0,0.0,3.0,2.0,0.0,0.0,0.0,0.0,0.0,0.0,0.0,2.0,0.0,0.0,0.0,0.0,0.0,0.0,0.0,0.0,3.0,1.0,6.0,0.0,1.0,0.0,0.0,2.0,2.0,0.0,0.0,0.0,0.0,36.0,3.0,0.0,0.0,0.0,0.0,0.0,0.0,0.0,0.0,0.0,1.0,1.0,8.0,0.0,0.0,0.0,0.0,0.0,13.0,71.0,6.0,1.0,1.0,6.0,0.0
2018-12-01,8.0,0.0,16.0,0.0,0.0,0.0,0.0,0.0,0.0,8.0,6.0,0.0,5.0,0.0,18.0,0.0,0.0,0.0,1.0,36.0,0.0,1.0,7.0,1.0,0.0,0.0,0.0,1.0,0.0,0.0,93.0,0.0,0.0,2.0,0.0,0.0,0.0,0.0,6.0,1.0,1.0,1.0,0.0,0.0,1.0,0.0,63.0,0.0,0.0,0.0,0.0,0.0,0.0,0.0,0.0,0.0,2.0,0.0,4.0,0.0,0.0,0.0,0.0,10.0,0.0,37.0,0.0,0.0,27.0,0.0,0.0,0.0,6.0,0.0,0.0,9.0,0.0,0.0,0.0,0.0,0.0,0.0,16.0,17.0,0.0,0.0,0.0,0.0,0.0,0.0,0.0,0.0,37.0,0.0,0.0,3.0,2.0,0.0,1.0,14.0,1.0,0.0,0.0,0.0,0.0,25.0,0.0,0.0,0.0,1.0,293.0,0.0,5.0,0.0,0.0,0.0,0.0,0.0,0.0,1.0,0.0,49.0,0.0,0.0,0.0,3.0,11.0,0.0,9.0,0.0,3.0,0.0,0.0,0.0,0.0,1.0,0.0,1.0,0.0,43.0,0.0,0.0,0.0,0.0,122.0,0.0,0.0,0.0,0.0,0.0,0.0,3.0,0.0,6.0,1.0,0.0,1.0,0.0,0.0,5.0,0.0,0.0,2.0,0.0,32.0,0.0,0.0,0.0,0.0,9.0,0.0,8.0,0.0,0.0,0.0,0.0,0.0,0.0,0.0,0.0,0.0,0.0,1.0,0.0,0.0,38.0,0.0,71.0,3.0,0.0,27.0,0.0,0.0,0.0,0.0,0.0,0.0,0.0,0.0,0.0,9.0,0.0,0.0,0.0,0.0,0.0,3.0,15.0,0.0,0.0,0.0,0.0,50.0,0.0,25.0,0.0,6.0,4.0,3.0,2.0,0.0,7.0,0.0,0.0,1.0,0.0,5.0,0.0,0.0,0.0,2.0,3.0,1.0,0.0,1.0,4.0,2.0,0.0,1.0,7.0,0.0,0.0,18.0,0.0,3.0,0.0,0.0,0.0,0.0,0.0,1.0,0.0,0.0,4.0,2.0,12.0,0.0,1.0,0.0,0.0,2.0,2.0,0.0,0.0,0.0,1.0,47.0,6.0,0.0,0.0,0.0,0.0,0.0,0.0,0.0,0.0,0.0,2.0,1.0,7.0,1.0,0.0,0.0,0.0,0.0,21.0,62.0,10.0,1.0,2.0,7.0,1.0
2019-01-01,7.0,0.0,13.0,0.0,0.0,0.0,2.0,6.0,0.0,9.0,7.0,0.0,5.0,0.0,23.0,0.0,0.0,0.0,1.0,22.0,0.0,0.0,9.0,1.0,0.0,1.0,0.0,1.0,0.0,0.0,84.0,0.0,0.0,2.0,0.0,0.0,0.0,0.0,0.0,1.0,1.0,1.0,0.0,0.0,2.0,0.0,67.0,0.0,0.0,0.0,0.0,0.0,0.0,0.0,0.0,0.0,3.0,1.0,6.0,0.0,0.0,0.0,0.0,6.0,0.0,37.0,0.0,0.0,20.0,0.0,0.0,0.0,27.0,0.0,0.0,13.0,0.0,0.0,0.0,0.0,0.0,0.0,32.0,14.0,0.0,0.0,0.0,0.0,0.0,0.0,0.0,0.0,38.0,0.0,0.0,5.0,2.0,0.0,1.0,5.0,1.0,0.0,0.0,0.0,0.0,13.0,0.0,0.0,0.0,2.0,340.0,0.0,4.0,0.0,0.0,0.0,0.0,0.0,0.0,1.0,0.0,64.0,0.0,0.0,0.0,4.0,9.0,0.0,6.0,0.0,3.0,0.0,0.0,0.0,0.0,1.0,0.0,0.0,0.0,47.0,0.0,1.0,0.0,0.0,150.0,0.0,0.0,0.0,0.0,0.0,0.0,3.0,0.0,7.0,1.0,0.0,1.0,0.0,0.0,5.0,0.0,0.0,1.0,0.0,35.0,0.0,0.0,0.0,0.0,11.0,0.0,8.0,0.0,0.0,0.0,0.0,0.0,0.0,0.0,0.0,0.0,0.0,0.0,0.0,0.0,47.0,0.0,75.0,3.0,0.0,16.0,0.0,0.0,0.0,0.0,0.0,0.0,0.0,0.0,0.0,4.0,0.0,0.0,0.0,0.0,0.0,5.0,8.0,0.0,21.0,0.0,1.0,40.0,0.0,25.0,0.0,6.0,4.0,2.0,3.0,0.0,12.0,0.0,0.0,1.0,0.0,12.0,0.0,0.0,0.0,1.0,3.0,1.0,0.0,1.0,4.0,2.0,0.0,0.0,6.0,0.0,0.0,8.0,1.0,2.0,0.0,0.0,0.0,1.0,1.0,0.0,0.0,0.0,4.0,3.0,11.0,0.0,2.0,0.0,0.0,2.0,3.0,0.0,0.0,0.0,1.0,49.0,7.0,0.0,0.0,0.0,0.0,0.0,0.0,0.0,0.0,0.0,2.0,2.0,5.0,0.0,0.0,0.0,0.0,0.0,18.0,71.0,11.0,1.0,3.0,7.0,1.0
2019-02-01,5.0,0.0,11.0,0.0,0.0,0.0,8.0,39.0,275.0,10.0,7.0,0.0,3.0,0.0,6.0,0.0,0.0,0.0,1.0,11.0,0.0,0.0,7.0,1.0,0.0,1.0,0.0,1.0,0.0,0.0,53.0,0.0,0.0,1.0,0.0,0.0,0.0,0.0,0.0,1.0,1.0,1.0,0.0,0.0,1.0,0.0,54.0,0.0,0.0,0.0,0.0,0.0,0.0,0.0,0.0,0.0,1.0,1.0,4.0,0.0,0.0,0.0,0.0,4.0,0.0,32.0,0.0,0.0,13.0,0.0,0.0,0.0,13.0,0.0,0.0,25.0,0.0,0.0,0.0,0.0,0.0,0.0,19.0,14.0,0.0,0.0,0.0,0.0,0.0,0.0,0.0,0.0,29.0,0.0,0.0,7.0,2.0,0.0,1.0,3.0,2.0,8.0,0.0,0.0,0.0,11.0,0.0,0.0,0.0,4.0,292.0,0.0,2.0,0.0,0.0,0.0,0.0,0.0,0.0,0.0,0.0,62.0,0.0,0.0,0.0,3.0,7.0,0.0,4.0,0.0,2.0,0.0,0.0,0.0,0.0,1.0,0.0,0.0,0.0,46.0,0.0,1.0,10.0,0.0,124.0,0.0,0.0,0.0,0.0,0.0,0.0,2.0,0.0,5.0,1.0,0.0,0.0,0.0,0.0,4.0,11.0,0.0,1.0,0.0,28.0,0.0,0.0,0.0,0.0,8.0,0.0,9.0,0.0,0.0,0.0,0.0,0.0,0.0,0.0,0.0,0.0,0.0,0.0,0.0,0.0,29.0,0.0,48.0,2.0,0.0,5.0,0.0,0.0,0.0,0.0,0.0,0.0,0.0,0.0,0.0,1.0,0.0,0.0,0.0,0.0,0.0,7.0,4.0,0.0,17.0,0.0,0.0,15.0,0.0,23.0,0.0,6.0,3.0,1.0,2.0,0.0,8.0,0.0,0.0,1.0,0.0,5.0,0.0,0.0,1.0,0.0,1.0,0.0,0.0,1.0,4.0,2.0,0.0,0.0,4.0,0.0,0.0,6.0,1.0,1.0,0.0,0.0,0.0,0.0,1.0,0.0,0.0,0.0,4.0,3.0,7.0,0.0,2.0,0.0,0.0,2.0,3.0,0.0,0.0,0.0,1.0,40.0,7.0,0.0,0.0,0.0,0.0,0.0,0.0,0.0,0.0,0.0,1.0,1.0,5.0,0.0,0.0,0.0,0.0,0.0,16.0,77.0,10.0,0.0,3.0,7.0,1.0
2019-03-01,6.0,0.0,12.0,0.0,0.0,0.0,0.0,16.0,160.0,11.0,8.0,0.0,4.0,0.0,1.0,5.0,0.0,0.0,1.0,17.0,0.0,0.0,8.0,2.0,0.0,1.0,0.0,1.0,0.0,0.0,45.0,0.0,1.0,3.0,0.0,5.0,0.0,0.0,0.0,1.0,1.0,1.0,0.0,0.0,3.0,0.0,64.0,0.0,0.0,0.0,0.0,0.0,0.0,0.0,0.0,0.0,1.0,0.0,5.0,0.0,0.0,0.0,0.0,5.0,0.0,33.0,0.0,0.0,14.0,0.0,0.0,8.0,6.0,0.0,0.0,21.0,0.0,0.0,0.0,0.0,0.0,0.0,17.0,16.0,0.0,0.0,0.0,0.0,0.0,0.0,0.0,0.0,28.0,0.0,0.0,6.0,3.0,0.0,1.0,2.0,1.0,3.0,0.0,0.0,0.0,10.0,0.0,0.0,0.0,2.0,309.0,0.0,2.0,0.0,0.0,0.0,0.0,0.0,0.0,0.0,0.0,70.0,0.0,0.0,0.0,4.0,7.0,0.0,4.0,0.0,2.0,0.0,0.0,0.0,0.0,1.0,0.0,0.0,0.0,51.0,0.0,1.0,1.0,0.0,120.0,0.0,0.0,0.0,0.0,0.0,0.0,1.0,0.0,5.0,1.0,0.0,0.0,0.0,0.0,3.0,3.0,0.0,2.0,0.0,27.0,0.0,0.0,0.0,0.0,4.0,0.0,10.0,0.0,0.0,0.0,0.0,0.0,0.0,0.0,0.0,0.0,0.0,0.0,0.0,0.0,30.0,0.0,45.0,2.0,0.0,18.0,0.0,0.0,0.0,0.0,0.0,0.0,0.0,0.0,0.0,2.0,0.0,0.0,0.0,0.0,0.0,3.0,4.0,0.0,4.0,0.0,0.0,10.0,0.0,25.0,0.0,6.0,3.0,1.0,3.0,22.0,8.0,0.0,26.0,0.0,0.0,3.0,0.0,0.0,0.0,0.0,2.0,1.0,0.0,1.0,4.0,3.0,0.0,0.0,5.0,0.0,0.0,4.0,1.0,2.0,0.0,0.0,0.0,0.0,0.0,0.0,0.0,0.0,4.0,2.0,5.0,0.0,2.0,0.0,0.0,2.0,3.0,0.0,0.0,0.0,1.0,47.0,3.0,77.0,0.0,0.0,0.0,0.0,0.0,0.0,0.0,0.0,2.0,2.0,5.0,0.0,0.0,0.0,0.0,0.0,15.0,76.0,10.0,2.0,3.0,7.0,1.0
2019-04-01,7.0,0.0,14.0,0.0,0.0,0.0,42.0,2.0,83.0,11.0,8.0,0.0,4.0,0.0,3.0,11.0,0.0,0.0,1.0,17.0,0.0,0.0,7.0,1.0,0.0,0.0,0.0,5.0,0.0,0.0,49.0,0.0,0.0,3.0,0.0,1.0,0.0,0.0,0.0,1.0,1.0,2.0,0.0,0.0,10.0,0.0,69.0,0.0,0.0,0.0,0.0,0.0,0.0,0.0,0.0,0.0,1.0,0.0,3.0,0.0,0.0,0.0,0.0,7.0,12.0,35.0,0.0,0.0,14.0,0.0,0.0,0.0,6.0,0.0,0.0,9.0,0.0,0.0,0.0,1.0,0.0,0.0,22.0,14.0,0.0,0.0,0.0,0.0,0.0,0.0,0.0,0.0,28.0,0.0,0.0,6.0,2.0,0.0,1.0,1.0,1.0,0.0,0.0,0.0,0.0,12.0,0.0,0.0,0.0,2.0,308.0,0.0,2.0,0.0,0.0,0.0,0.0,0.0,0.0,0.0,0.0,77.0,0.0,0.0,0.0,3.0,11.0,0.0,6.0,0.0,3.0,0.0,0.0,0.0,0.0,1.0,0.0,0.0,0.0,54.0,0.0,0.0,0.0,0.0,131.0,0.0,0.0,0.0,0.0,0.0,0.0,2.0,0.0,4.0,1.0,0.0,0.0,0.0,0.0,5.0,1.0,0.0,2.0,0.0,33.0,0.0,0.0,0.0,0.0,5.0,0.0,10.0,0.0,0.0,0.0,0.0,0.0,0.0,0.0,0.0,0.0,0.0,0.0,0.0,0.0,33.0,0.0,47.0,2.0,0.0,12.0,0.0,0.0,0.0,0.0,0.0,0.0,0.0,0.0,0.0,1.0,0.0,0.0,0.0,0.0,0.0,3.0,3.0,0.0,1.0,0.0,0.0,10.0,0.0,26.0,0.0,7.0,3.0,2.0,5.0,14.0,6.0,0.0,22.0,0.0,0.0,4.0,0.0,0.0,0.0,0.0,3.0,1.0,0.0,1.0,4.0,3.0,0.0,0.0,2.0,0.0,0.0,4.0,1.0,2.0,0.0,1.0,0.0,1.0,0.0,1.0,0.0,0.0,5.0,2.0,3.0,0.0,2.0,0.0,0.0,2.0,3.0,0.0,0.0,0.0,1.0,46.0,0.0,44.0,0.0,0.0,0.0,0.0,0.0,0.0,0.0,0.0,2.0,1.0,6.0,0.0,0.0,0.0,0.0,9.0,16.0,74.0,10.0,0.0,3.0,8.0,1.0
2019-05-01,6.0,0.0,12.0,0.0,0.0,0.0,15.0,0.0,62.0,11.0,9.0,0.0,4.0,0.0,2.0,10.0,0.0,0.0,1.0,12.0,0.0,0.0,7.0,1.0,0.0,0.0,0.0,3.0,0.0,0.0,53.0,0.0,0.0,3.0,0.0,0.0,1.0,0.0,0.0,1.0,2.0,2.0,0.0,0.0,6.0,0.0,75.0,0.0,0.0,0.0,0.0,0.0,0.0,0.0,0.0,0.0,2.0,0.0,3.0,0.0,0.0,0.0,15.0,9.0,19.0,39.0,0.0,0.0,15.0,0.0,0.0,0.0,24.0,0.0,0.0,10.0,0.0,0.0,0.0,0.0,0.0,0.0,22.0,15.0,0.0,0.0,0.0,0.0,0.0,0.0,0.0,0.0,32.0,0.0,0.0,10.0,1.0,0.0,1.0,1.0,1.0,0.0,0.0,0.0,0.0,12.0,0.0,0.0,0.0,2.0,306.0,0.0,2.0,0.0,0.0,0.0,0.0,0.0,0.0,0.0,0.0,81.0,0.0,0.0,0.0,4.0,10.0,0.0,7.0,0.0,4.0,0.0,0.0,0.0,0.0,0.0,0.0,0.0,0.0,56.0,0.0,0.0,0.0,0.0,139.0,0.0,0.0,0.0,0.0,9.0,0.0,3.0,0.0,3.0,1.0,0.0,0.0,0.0,0.0,6.0,0.0,0.0,1.0,0.0,40.0,0.0,0.0,0.0,0.0,8.0,0.0,10.0,0.0,0.0,0.0,0.0,0.0,0.0,0.0,0.0,0.0,0.0,0.0,0.0,0.0,36.0,0.0,52.0,2.0,0.0,8.0,0.0,0.0,0.0,0.0,0.0,0.0,0.0,0.0,0.0,1.0,0.0,0.0,6.0,0.0,0.0,3.0,3.0,0.0,1.0,0.0,0.0,9.0,0.0,30.0,0.0,8.0,3.0,3.0,4.0,8.0,15.0,0.0,6.0,0.0,0.0,4.0,0.0,0.0,0.0,0.0,2.0,1.0,0.0,1.0,4.0,3.0,0.0,0.0,1.0,0.0,0.0,3.0,1.0,1.0,0.0,0.0,0.0,1.0,0.0,2.0,0.0,0.0,8.0,2.0,3.0,0.0,1.0,0.0,0.0,4.0,3.0,0.0,0.0,0.0,2.0,51.0,0.0,17.0,0.0,0.0,0.0,0.0,0.0,0.0,0.0,0.0,2.0,1.0,5.0,0.0,0.0,0.0,0.0,4.0,17.0,80.0,10.0,0.0,4.0,8.0,2.0
2019-06-01,6.0,0.0,16.0,1.0,0.0,0.0,4.0,0.0,52.0,9.0,8.0,0.0,3.0,0.0,2.0,5.0,4.0,1.0,1.0,11.0,0.0,0.0,7.0,1.0,0.0,0.0,0.0,8.0,0.0,0.0,50.0,0.0,1.0,3.0,0.0,0.0,0.0,0.0,0.0,1.0,2.0,2.0,0.0,0.0,4.0,5.0,72.0,0.0,0.0,0.0,0.0,0.0,0.0,0.0,0.0,0.0,2.0,0.0,3.0,0.0,0.0,0.0,21.0,17.0,4.0,40.0,0.0,0.0,21.0,0.0,0.0,0.0,11.0,0.0,0.0,8.0,6.0,0.0,0.0,0.0,0.0,0.0,17.0,14.0,0.0,0.0,0.0,1.0,0.0,0.0,0.0,0.0,32.0,0.0,0.0,14.0,2.0,0.0,1.0,3.0,0.0,0.0,0.0,0.0,0.0,10.0,0.0,0.0,0.0,1.0,261.0,0.0,3.0,0.0,0.0,0.0,0.0,0.0,0.0,0.0,0.0,78.0,0.0,0.0,0.0,3.0,8.0,0.0,5.0,0.0,6.0,0.0,0.0,0.0,0.0,0.0,0.0,0.0,0.0,56.0,0.0,2.0,0.0,0.0,131.0,0.0,0.0,0.0,0.0,2.0,0.0,2.0,0.0,4.0,1.0,0.0,0.0,0.0,0.0,5.0,1.0,0.0,2.0,0.0,52.0,0.0,0.0,0.0,0.0,8.0,0.0,9.0,0.0,0.0,0.0,0.0,0.0,0.0,0.0,0.0,0.0,0.0,0.0,0.0,0.0,35.0,0.0,46.0,2.0,0.0,21.0,0.0,0.0,0.0,0.0,0.0,0.0,0.0,0.0,0.0,1.0,0.0,0.0,0.0,0.0,1.0,3.0,3.0,0.0,1.0,0.0,0.0,7.0,0.0,27.0,0.0,7.0,4.0,3.0,3.0,6.0,7.0,0.0,2.0,0.0,0.0,5.0,0.0,0.0,0.0,0.0,2.0,1.0,0.0,1.0,4.0,2.0,0.0,0.0,1.0,4.0,0.0,3.0,0.0,1.0,31.0,0.0,0.0,1.0,0.0,1.0,0.0,0.0,9.0,1.0,3.0,0.0,2.0,0.0,0.0,5.0,4.0,1.0,0.0,0.0,1.0,60.0,0.0,12.0,0.0,0.0,0.0,0.0,0.0,0.0,0.0,0.0,2.0,1.0,4.0,0.0,0.0,0.0,0.0,1.0,16.0,71.0,10.0,0.0,3.0,8.0,1.0
2019-07-01,7.0,0.0,20.0,1.0,0.0,0.0,2.0,0.0,71.0,8.0,8.0,0.0,3.0,0.0,1.0,1.0,1.0,0.0,1.0,9.0,0.0,0.0,6.0,1.0,0.0,0.0,0.0,4.0,0.0,0.0,53.0,0.0,0.0,3.0,0.0,0.0,0.0,0.0,0.0,1.0,3.0,2.0,0.0,0.0,2.0,2.0,74.0,0.0,0.0,0.0,0.0,0.0,0.0,0.0,0.0,0.0,2.0,0.0,4.0,0.0,0.0,0.0,4.0,16.0,1.0,37.0,0.0,0.0,20.0,5.0,0.0,0.0,5.0,0.0,0.0,8.0,5.0,0.0,0.0,0.0,0.0,0.0,15.0,16.0,0.0,0.0,0.0,7.0,0.0,0.0,0.0,0.0,23.0,0.0,0.0,18.0,2.0,0.0,1.0,1.0,0.0,0.0,0.0,0.0,0.0,11.0,0.0,0.0,0.0,1.0,251.0,0.0,2.0,0.0,0.0,0.0,0.0,0.0,0.0,0.0,0.0,98.0,0.0,0.0,0.0,3.0,5.0,0.0,4.0,0.0,5.0,0.0,0.0,0.0,0.0,0.0,0.0,0.0,0.0,57.0,0.0,1.0,0.0,0.0,115.0,0.0,0.0,0.0,0.0,0.0,0.0,2.0,0.0,3.0,1.0,0.0,0.0,0.0,0.0,6.0,0.0,0.0,2.0,0.0,59.0,0.0,0.0,0.0,0.0,7.0,0.0,8.0,0.0,0.0,0.0,0.0,0.0,0.0,0.0,0.0,0.0,1.0,0.0,0.0,0.0,35.0,0.0,57.0,3.0,0.0,11.0,0.0,0.0,0.0,0.0,0.0,0.0,0.0,0.0,0.0,1.0,0.0,0.0,0.0,0.0,1.0,4.0,2.0,0.0,1.0,0.0,0.0,5.0,0.0,26.0,0.0,6.0,4.0,4.0,3.0,8.0,5.0,0.0,1.0,0.0,0.0,5.0,0.0,0.0,0.0,0.0,2.0,1.0,0.0,2.0,3.0,3.0,0.0,0.0,1.0,17.0,0.0,3.0,1.0,1.0,89.0,1.0,0.0,1.0,0.0,1.0,0.0,0.0,5.0,2.0,3.0,0.0,2.0,0.0,0.0,4.0,5.0,1.0,0.0,0.0,1.0,57.0,0.0,9.0,0.0,0.0,0.0,0.0,0.0,0.0,0.0,0.0,2.0,1.0,7.0,0.0,0.0,0.0,0.0,0.0,16.0,77.0,10.0,0.0,3.0,8.0,2.0
2019-08-01,7.0,0.0,18.0,0.0,0.0,0.0,4.0,0.0,64.0,7.0,8.0,0.0,3.0,0.0,1.0,0.0,0.0,1.0,1.0,10.0,0.0,0.0,9.0,1.0,0.0,0.0,0.0,3.0,0.0,0.0,50.0,0.0,0.0,2.0,0.0,1.0,1.0,5.0,0.0,0.0,2.0,1.0,0.0,0.0,2.0,2.0,74.0,0.0,0.0,0.0,0.0,0.0,0.0,0.0,0.0,0.0,2.0,0.0,3.0,0.0,0.0,0.0,3.0,15.0,1.0,38.0,0.0,0.0,19.0,1.0,0.0,0.0,11.0,0.0,0.0,8.0,3.0,0.0,0.0,0.0,0.0,0.0,16.0,14.0,0.0,0.0,0.0,5.0,0.0,0.0,0.0,0.0,19.0,0.0,0.0,14.0,1.0,0.0,1.0,1.0,0.0,0.0,0.0,0.0,0.0,13.0,0.0,0.0,0.0,3.0,257.0,0.0,2.0,0.0,0.0,0.0,0.0,0.0,0.0,0.0,0.0,92.0,0.0,0.0,0.0,3.0,7.0,0.0,4.0,0.0,9.0,0.0,0.0,0.0,0.0,0.0,0.0,0.0,0.0,62.0,0.0,1.0,0.0,0.0,125.0,0.0,0.0,0.0,0.0,0.0,0.0,2.0,0.0,4.0,1.0,0.0,0.0,0.0,0.0,6.0,0.0,0.0,1.0,0.0,88.0,0.0,0.0,0.0,0.0,8.0,0.0,9.0,0.0,0.0,0.0,0.0,0.0,0.0,0.0,0.0,0.0,8.0,0.0,0.0,0.0,38.0,0.0,66.0,3.0,0.0,4.0,0.0,0.0,0.0,0.0,0.0,0.0,0.0,0.0,0.0,1.0,0.0,0.0,0.0,0.0,1.0,3.0,3.0,11.0,0.0,0.0,0.0,5.0,0.0,26.0,0.0,6.0,4.0,5.0,3.0,5.0,4.0,0.0,1.0,0.0,0.0,11.0,0.0,0.0,0.0,0.0,3.0,1.0,0.0,2.0,3.0,2.0,0.0,0.0,1.0,8.0,0.0,3.0,0.0,1.0,43.0,1.0,0.0,0.0,0.0,1.0,0.0,3.0,5.0,2.0,3.0,0.0,2.0,0.0,0.0,3.0,5.0,0.0,0.0,0.0,1.0,58.0,0.0,7.0,0.0,0.0,0.0,0.0,0.0,0.0,0.0,0.0,3.0,1.0,6.0,1.0,0.0,0.0,0.0,0.0,16.0,176.0,11.0,0.0,2.0,7.0,1.0
2019-09-01,5.0,0.0,15.0,0.0,0.0,0.0,3.0,0.0,51.0,6.0,9.0,0.0,3.0,0.0,1.0,0.0,0.0,1.0,1.0,9.0,0.0,0.0,8.0,1.0,0.0,0.0,0.0,3.0,62.0,0.0,42.0,0.0,0.0,2.0,0.0,1.0,1.0,47.0,0.0,1.0,2.0,1.0,5.0,0.0,2.0,1.0,69.0,0.0,0.0,0.0,0.0,0.0,0.0,0.0,0.0,0.0,1.0,0.0,2.0,0.0,0.0,0.0,3.0,10.0,0.0,45.0,0.0,0.0,17.0,0.0,0.0,0.0,8.0,0.0,0.0,7.0,1.0,0.0,0.0,0.0,0.0,0.0,15.0,14.0,0.0,0.0,0.0,4.0,0.0,0.0,0.0,0.0,6.0,43.0,0.0,8.0,1.0,0.0,1.0,1.0,0.0,0.0,0.0,0.0,0.0,14.0,0.0,0.0,0.0,1.0,182.0,0.0,2.0,0.0,0.0,0.0,6.0,0.0,0.0,0.0,0.0,81.0,0.0,4.0,0.0,4.0,5.0,0.0,3.0,0.0,12.0,0.0,0.0,0.0,0.0,0.0,0.0,0.0,0.0,67.0,0.0,1.0,0.0,0.0,134.0,0.0,0.0,0.0,0.0,0.0,0.0,2.0,0.0,3.0,1.0,0.0,0.0,0.0,0.0,3.0,0.0,0.0,1.0,0.0,87.0,0.0,0.0,0.0,0.0,16.0,0.0,9.0,0.0,0.0,0.0,0.0,0.0,0.0,0.0,0.0,0.0,2.0,0.0,0.0,0.0,31.0,0.0,53.0,3.0,0.0,13.0,0.0,0.0,4.0,0.0,0.0,0.0,0.0,0.0,0.0,1.0,0.0,0.0,0.0,0.0,0.0,3.0,7.0,6.0,0.0,0.0,0.0,5.0,0.0,27.0,0.0,7.0,3.0,4.0,3.0,3.0,6.0,0.0,1.0,0.0,0.0,17.0,0.0,0.0,0.0,2.0,2.0,1.0,0.0,2.0,3.0,2.0,0.0,0.0,1.0,5.0,0.0,3.0,0.0,1.0,22.0,0.0,0.0,1.0,0.0,1.0,0.0,6.0,5.0,2.0,4.0,0.0,1.0,9.0,0.0,3.0,4.0,0.0,0.0,8.0,2.0,64.0,0.0,5.0,0.0,0.0,0.0,0.0,0.0,0.0,0.0,0.0,3.0,1.0,5.0,0.0,0.0,0.0,0.0,0.0,15.0,228.0,11.0,0.0,2.0,8.0,2.0
2019-10-01,11.0,0.0,14.0,0.0,0.0,0.0,2.0,0.0,74.0,6.0,9.0,0.0,3.0,0.0,2.0,0.0,0.0,0.0,1.0,10.0,0.0,0.0,6.0,1.0,0.0,0.0,0.0,0.0,15.0,0.0,34.0,0.0,0.0,2.0,0.0,0.0,1.0,84.0,0.0,1.0,2.0,1.0,9.0,0.0,3.0,3.0,66.0,0.0,0.0,0.0,0.0,0.0,0.0,0.0,0.0,0.0,1.0,0.0,3.0,0.0,0.0,0.0,2.0,11.0,0.0,42.0,0.0,0.0,53.0,0.0,0.0,0.0,5.0,0.0,0.0,7.0,0.0,0.0,0.0,0.0,0.0,0.0,21.0,17.0,0.0,0.0,0.0,3.0,0.0,0.0,0.0,0.0,0.0,76.0,0.0,7.0,2.0,0.0,1.0,1.0,0.0,0.0,0.0,0.0,0.0,14.0,0.0,0.0,0.0,1.0,221.0,0.0,2.0,0.0,0.0,0.0,0.0,0.0,0.0,0.0,0.0,69.0,0.0,1.0,0.0,3.0,4.0,0.0,4.0,0.0,8.0,0.0,0.0,0.0,0.0,0.0,0.0,0.0,0.0,66.0,0.0,0.0,0.0,0.0,143.0,3.0,0.0,0.0,1.0,0.0,0.0,3.0,0.0,3.0,1.0,0.0,0.0,0.0,0.0,2.0,0.0,0.0,1.0,0.0,70.0,0.0,0.0,0.0,0.0,9.0,0.0,10.0,0.0,0.0,0.0,0.0,0.0,0.0,0.0,0.0,0.0,1.0,0.0,0.0,0.0,29.0,0.0,46.0,2.0,0.0,6.0,0.0,1.0,2.0,0.0,0.0,0.0,0.0,0.0,0.0,1.0,0.0,0.0,0.0,0.0,0.0,2.0,6.0,1.0,1.0,0.0,0.0,5.0,0.0,27.0,0.0,6.0,3.0,3.0,3.0,2.0,6.0,0.0,1.0,0.0,0.0,15.0,0.0,0.0,0.0,1.0,5.0,1.0,0.0,2.0,3.0,2.0,0.0,0.0,0.0,4.0,0.0,3.0,0.0,1.0,16.0,0.0,0.0,0.0,0.0,1.0,0.0,1.0,4.0,1.0,2.0,0.0,1.0,3.0,5.0,2.0,4.0,0.0,0.0,19.0,0.0,53.0,0.0,5.0,0.0,0.0,0.0,0.0,0.0,0.0,0.0,0.0,3.0,1.0,3.0,0.0,0.0,0.0,0.0,0.0,14.0,115.0,12.0,0.0,2.0,8.0,2.0
2019-11-01,11.0,0.0,13.0,0.0,0.0,0.0,1.0,0.0,44.0,6.0,7.0,0.0,1.0,0.0,2.0,0.0,0.0,0.0,1.0,9.0,0.0,0.0,5.0,0.0,0.0,0.0,0.0,0.0,4.0,0.0,13.0,0.0,0.0,2.0,0.0,0.0,0.0,149.0,0.0,1.0,2.0,1.0,1.0,0.0,2.0,1.0,62.0,0.0,0.0,0.0,0.0,0.0,0.0,0.0,0.0,0.0,2.0,0.0,3.0,0.0,0.0,0.0,1.0,10.0,0.0,41.0,18.0,0.0,24.0,0.0,0.0,0.0,19.0,0.0,0.0,7.0,0.0,0.0,0.0,0.0,0.0,0.0,40.0,16.0,0.0,0.0,0.0,2.0,0.0,0.0,0.0,0.0,0.0,53.0,0.0,8.0,2.0,0.0,2.0,1.0,0.0,0.0,0.0,0.0,0.0,14.0,0.0,0.0,0.0,1.0,187.0,0.0,2.0,0.0,0.0,0.0,0.0,0.0,0.0,0.0,0.0,70.0,1.0,0.0,0.0,3.0,8.0,0.0,4.0,0.0,6.0,0.0,0.0,0.0,0.0,0.0,0.0,0.0,0.0,72.0,0.0,0.0,0.0,0.0,137.0,2.0,0.0,0.0,5.0,0.0,0.0,2.0,0.0,3.0,1.0,0.0,0.0,0.0,0.0,2.0,0.0,0.0,1.0,0.0,62.0,0.0,0.0,0.0,0.0,5.0,0.0,10.0,0.0,0.0,0.0,25.0,0.0,0.0,0.0,2.0,0.0,0.0,0.0,0.0,0.0,29.0,0.0,39.0,3.0,0.0,4.0,0.0,0.0,23.0,0.0,0.0,0.0,46.0,0.0,0.0,1.0,0.0,0.0,0.0,0.0,0.0,2.0,34.0,0.0,0.0,0.0,0.0,3.0,0.0,25.0,0.0,4.0,2.0,2.0,3.0,1.0,6.0,0.0,0.0,0.0,0.0,15.0,0.0,0.0,0.0,1.0,5.0,1.0,29.0,3.0,3.0,2.0,0.0,0.0,1.0,2.0,0.0,2.0,0.0,0.0,18.0,0.0,0.0,1.0,0.0,0.0,0.0,0.0,4.0,1.0,3.0,0.0,1.0,0.0,4.0,2.0,3.0,0.0,0.0,2.0,0.0,46.0,0.0,3.0,0.0,0.0,0.0,0.0,0.0,0.0,0.0,0.0,2.0,2.0,5.0,0.0,0.0,0.0,0.0,0.0,14.0,88.0,10.0,0.0,2.0,7.0,1.0
2019-12-01,9.0,0.0,14.0,0.0,0.0,0.0,7.0,0.0,46.0,7.0,8.0,0.0,2.0,0.0,4.0,0.0,0.0,0.0,1.0,9.0,0.0,0.0,7.0,0.0,0.0,0.0,0.0,0.0,4.0,0.0,20.0,0.0,0.0,2.0,0.0,0.0,0.0,107.0,0.0,1.0,2.0,2.0,1.0,0.0,4.0,1.0,70.0,0.0,0.0,0.0,0.0,0.0,0.0,0.0,0.0,0.0,2.0,0.0,4.0,0.0,0.0,0.0,2.0,19.0,0.0,43.0,4.0,0.0,23.0,2.0,0.0,0.0,14.0,0.0,0.0,7.0,0.0,0.0,0.0,0.0,0.0,0.0,41.0,20.0,0.0,0.0,0.0,2.0,0.0,0.0,0.0,0.0,0.0,50.0,0.0,7.0,2.0,0.0,1.0,1.0,0.0,0.0,0.0,0.0,0.0,14.0,0.0,0.0,0.0,1.0,206.0,0.0,3.0,0.0,0.0,0.0,0.0,0.0,0.0,1.0,0.0,89.0,0.0,0.0,0.0,3.0,9.0,0.0,5.0,0.0,9.0,0.0,0.0,0.0,0.0,1.0,0.0,1.0,0.0,88.0,0.0,0.0,0.0,0.0,150.0,0.0,0.0,0.0,0.0,0.0,0.0,2.0,0.0,4.0,2.0,0.0,0.0,0.0,0.0,2.0,0.0,0.0,1.0,0.0,75.0,0.0,0.0,0.0,0.0,8.0,0.0,14.0,0.0,0.0,0.0,10.0,0.0,0.0,0.0,1.0,0.0,0.0,0.0,0.0,0.0,30.0,0.0,43.0,3.0,0.0,24.0,0.0,0.0,6.0,0.0,0.0,0.0,26.0,0.0,0.0,0.0,0.0,1.0,0.0,0.0,8.0,1.0,22.0,0.0,2.0,0.0,0.0,3.0,0.0,33.0,0.0,5.0,3.0,2.0,2.0,2.0,9.0,0.0,2.0,0.0,0.0,15.0,0.0,0.0,0.0,0.0,8.0,3.0,10.0,3.0,3.0,5.0,0.0,0.0,1.0,3.0,0.0,2.0,0.0,1.0,19.0,1.0,0.0,2.0,0.0,1.0,0.0,0.0,5.0,2.0,4.0,0.0,2.0,0.0,1.0,2.0,10.0,0.0,2.0,2.0,0.0,61.0,0.0,4.0,0.0,0.0,7.0,0.0,0.0,0.0,0.0,0.0,3.0,2.0,6.0,0.0,0.0,0.0,0.0,0.0,22.0,81.0,11.0,0.0,3.0,7.0,2.0
2020-01-01,8.0,0.0,22.0,0.0,0.0,0.0,4.0,0.0,48.0,6.0,9.0,0.0,3.0,0.0,3.0,0.0,0.0,0.0,1.0,7.0,0.0,0.0,8.0,1.0,0.0,1.0,0.0,0.0,2.0,0.0,24.0,0.0,0.0,3.0,0.0,0.0,0.0,68.0,0.0,1.0,4.0,6.0,1.0,0.0,5.0,1.0,72.0,0.0,0.0,0.0,0.0,0.0,0.0,0.0,0.0,18.0,2.0,0.0,4.0,0.0,0.0,0.0,3.0,16.0,0.0,42.0,1.0,0.0,19.0,1.0,0.0,0.0,6.0,0.0,0.0,6.0,0.0,0.0,0.0,0.0,0.0,0.0,75.0,16.0,0.0,0.0,0.0,2.0,0.0,0.0,0.0,0.0,0.0,48.0,0.0,6.0,2.0,0.0,1.0,1.0,0.0,0.0,0.0,0.0,0.0,14.0,0.0,0.0,0.0,1.0,188.0,0.0,3.0,0.0,1.0,0.0,0.0,0.0,0.0,0.0,0.0,89.0,0.0,0.0,0.0,2.0,7.0,0.0,4.0,0.0,8.0,0.0,0.0,0.0,0.0,1.0,0.0,0.0,0.0,90.0,0.0,0.0,1.0,0.0,175.0,7.0,0.0,0.0,0.0,0.0,0.0,3.0,0.0,4.0,2.0,0.0,0.0,0.0,0.0,2.0,0.0,0.0,1.0,0.0,64.0,0.0,0.0,0.0,7.0,18.0,0.0,12.0,0.0,0.0,0.0,4.0,0.0,0.0,0.0,0.0,0.0,0.0,0.0,0.0,0.0,30.0,0.0,41.0,3.0,0.0,19.0,0.0,0.0,2.0,0.0,0.0,0.0,13.0,0.0,0.0,0.0,0.0,1.0,0.0,0.0,4.0,1.0,12.0,0.0,2.0,0.0,0.0,3.0,0.0,30.0,0.0,5.0,4.0,3.0,3.0,3.0,9.0,0.0,2.0,0.0,0.0,15.0,0.0,0.0,0.0,0.0,7.0,3.0,4.0,3.0,3.0,5.0,0.0,0.0,1.0,3.0,0.0,3.0,0.0,0.0,17.0,0.0,11.0,1.0,0.0,0.0,0.0,0.0,6.0,4.0,4.0,0.0,2.0,0.0,0.0,2.0,17.0,0.0,0.0,1.0,0.0,60.0,0.0,5.0,0.0,0.0,3.0,0.0,0.0,0.0,0.0,0.0,2.0,4.0,5.0,0.0,0.0,0.0,1.0,0.0,19.0,88.0,12.0,3.0,4.0,6.0,2.0
2020-02-01,8.0,0.0,30.0,0.0,0.0,0.0,3.0,0.0,102.0,10.0,11.0,0.0,3.0,0.0,3.0,0.0,0.0,0.0,1.0,9.0,0.0,0.0,10.0,1.0,0.0,1.0,6.0,0.0,3.0,0.0,30.0,0.0,1.0,3.0,0.0,0.0,0.0,73.0,0.0,1.0,4.0,6.0,0.0,0.0,4.0,1.0,87.0,0.0,0.0,1.0,0.0,0.0,0.0,0.0,0.0,7.0,2.0,1.0,6.0,0.0,0.0,0.0,3.0,16.0,1.0,51.0,0.0,0.0,23.0,0.0,0.0,0.0,5.0,0.0,0.0,7.0,0.0,0.0,0.0,1.0,0.0,0.0,105.0,19.0,0.0,0.0,0.0,3.0,0.0,0.0,0.0,0.0,0.0,51.0,0.0,13.0,1.0,0.0,1.0,1.0,1.0,0.0,0.0,0.0,0.0,28.0,0.0,0.0,1.0,2.0,244.0,0.0,4.0,0.0,0.0,0.0,0.0,0.0,0.0,0.0,0.0,110.0,0.0,0.0,0.0,2.0,7.0,0.0,5.0,0.0,14.0,0.0,0.0,0.0,0.0,1.0,0.0,0.0,0.0,107.0,0.0,4.0,1.0,0.0,183.0,7.0,0.0,0.0,0.0,0.0,0.0,3.0,0.0,5.0,2.0,0.0,0.0,0.0,0.0,3.0,1.0,0.0,2.0,0.0,73.0,0.0,0.0,0.0,5.0,15.0,0.0,13.0,0.0,0.0,0.0,2.0,0.0,0.0,0.0,0.0,0.0,1.0,0.0,0.0,0.0,34.0,0.0,43.0,3.0,0.0,6.0,0.0,0.0,1.0,0.0,0.0,0.0,11.0,0.0,0.0,0.0,0.0,2.0,0.0,0.0,3.0,2.0,10.0,0.0,2.0,0.0,1.0,2.0,0.0,38.0,0.0,4.0,5.0,2.0,4.0,13.0,13.0,0.0,2.0,0.0,0.0,16.0,0.0,0.0,0.0,0.0,7.0,3.0,2.0,2.0,3.0,8.0,0.0,0.0,2.0,3.0,0.0,4.0,0.0,1.0,15.0,1.0,10.0,1.0,0.0,1.0,0.0,0.0,8.0,4.0,4.0,0.0,3.0,0.0,0.0,4.0,9.0,0.0,0.0,1.0,0.0,75.0,1.0,15.0,0.0,0.0,1.0,0.0,0.0,0.0,0.0,0.0,3.0,8.0,5.0,0.0,0.0,0.0,39.0,0.0,19.0,114.0,13.0,1.0,5.0,7.0,2.0
2020-03-01,9.0,0.0,33.0,0.0,0.0,36.0,7.0,0.0,79.0,11.0,13.0,0.0,4.0,0.0,1.0,0.0,0.0,0.0,1.0,8.0,0.0,0.0,10.0,1.0,0.0,1.0,3.0,0.0,8.0,0.0,20.0,0.0,0.0,4.0,0.0,0.0,0.0,351.0,0.0,2.0,4.0,5.0,0.0,0.0,3.0,1.0,100.0,0.0,0.0,0.0,0.0,0.0,0.0,1.0,12.0,1.0,3.0,1.0,6.0,0.0,0.0,0.0,2.0,13.0,0.0,55.0,0.0,0.0,33.0,1.0,0.0,0.0,20.0,0.0,1.0,7.0,0.0,0.0,0.0,0.0,0.0,0.0,96.0,22.0,0.0,0.0,0.0,6.0,0.0,0.0,0.0,0.0,0.0,53.0,0.0,12.0,2.0,0.0,2.0,1.0,1.0,0.0,0.0,0.0,0.0,22.0,0.0,0.0,1.0,3.0,243.0,0.0,5.0,0.0,0.0,0.0,0.0,0.0,0.0,1.0,0.0,112.0,0.0,0.0,0.0,4.0,8.0,0.0,5.0,1.0,13.0,0.0,0.0,0.0,0.0,1.0,0.0,0.0,0.0,131.0,0.0,2.0,0.0,2.0,200.0,2.0,0.0,0.0,0.0,0.0,0.0,2.0,0.0,5.0,2.0,0.0,0.0,0.0,0.0,4.0,1.0,0.0,3.0,0.0,92.0,0.0,0.0,0.0,0.0,13.0,2.0,20.0,0.0,0.0,0.0,2.0,0.0,0.0,0.0,1.0,8.0,1.0,0.0,12.0,0.0,38.0,0.0,30.0,3.0,0.0,20.0,0.0,0.0,2.0,0.0,0.0,0.0,8.0,0.0,0.0,0.0,0.0,6.0,0.0,0.0,3.0,2.0,8.0,0.0,2.0,1.0,1.0,2.0,0.0,43.0,0.0,5.0,4.0,2.0,4.0,14.0,13.0,0.0,2.0,1.0,0.0,17.0,0.0,0.0,0.0,0.0,5.0,2.0,1.0,2.0,4.0,9.0,2.0,1.0,1.0,3.0,0.0,4.0,0.0,1.0,27.0,0.0,1.0,1.0,1.0,1.0,0.0,0.0,6.0,3.0,5.0,0.0,2.0,0.0,0.0,4.0,7.0,0.0,0.0,1.0,0.0,84.0,1.0,33.0,0.0,0.0,1.0,0.0,0.0,0.0,0.0,0.0,4.0,3.0,5.0,0.0,0.0,0.0,8.0,6.0,21.0,121.0,12.0,0.0,5.0,8.0,2.0
2020-04-01,8.0,0.0,20.0,0.0,0.0,39.0,6.0,0.0,45.0,10.0,15.0,0.0,4.0,1.0,0.0,0.0,0.0,0.0,0.0,4.0,0.0,0.0,8.0,1.0,0.0,1.0,2.0,0.0,6.0,0.0,12.0,0.0,1.0,4.0,0.0,0.0,0.0,282.0,0.0,1.0,5.0,4.0,0.0,0.0,4.0,2.0,81.0,0.0,0.0,0.0,0.0,0.0,0.0,0.0,3.0,1.0,2.0,0.0,5.0,0.0,0.0,0.0,2.0,9.0,0.0,46.0,0.0,0.0,23.0,1.0,0.0,0.0,9.0,0.0,0.0,7.0,0.0,0.0,0.0,0.0,0.0,1.0,57.0,20.0,0.0,0.0,0.0,6.0,0.0,0.0,0.0,0.0,0.0,56.0,0.0,12.0,3.0,0.0,1.0,6.0,0.0,0.0,0.0,0.0,0.0,22.0,32.0,0.0,0.0,2.0,207.0,0.0,4.0,0.0,0.0,0.0,0.0,0.0,0.0,1.0,0.0,99.0,0.0,10.0,0.0,5.0,11.0,0.0,4.0,0.0,11.0,0.0,0.0,0.0,0.0,1.0,0.0,0.0,0.0,145.0,0.0,1.0,0.0,12.0,168.0,1.0,0.0,0.0,0.0,0.0,0.0,3.0,0.0,8.0,3.0,0.0,0.0,0.0,0.0,5.0,0.0,0.0,3.0,0.0,103.0,0.0,0.0,0.0,0.0,10.0,14.0,33.0,0.0,0.0,0.0,2.0,0.0,0.0,0.0,0.0,2.0,1.0,0.0,2.0,0.0,29.0,0.0,19.0,4.0,0.0,11.0,0.0,0.0,3.0,0.0,0.0,0.0,5.0,0.0,0.0,0.0,0.0,8.0,0.0,0.0,2.0,1.0,7.0,0.0,2.0,20.0,1.0,1.0,0.0,41.0,0.0,5.0,4.0,1.0,4.0,9.0,13.0,0.0,2.0,0.0,0.0,19.0,2.0,0.0,0.0,0.0,4.0,2.0,1.0,2.0,3.0,5.0,0.0,1.0,1.0,4.0,0.0,5.0,0.0,1.0,22.0,0.0,0.0,2.0,0.0,2.0,0.0,0.0,7.0,3.0,5.0,0.0,2.0,0.0,0.0,4.0,6.0,0.0,0.0,0.0,0.0,62.0,0.0,12.0,0.0,0.0,0.0,0.0,1.0,243.0,0.0,0.0,4.0,2.0,5.0,0.0,5.0,0.0,1.0,6.0,18.0,111.0,13.0,0.0,8.0,7.0,2.0
2020-05-01,9.0,0.0,19.0,0.0,0.0,21.0,4.0,0.0,64.0,9.0,15.0,0.0,9.0,2.0,1.0,0.0,0.0,0.0,1.0,3.0,0.0,0.0,8.0,0.0,0.0,1.0,1.0,1.0,4.0,0.0,13.0,0.0,1.0,4.0,0.0,0.0,1.0,249.0,0.0,2.0,5.0,4.0,0.0,0.0,5.0,2.0,66.0,0.0,0.0,0.0,0.0,0.0,0.0,0.0,0.0,1.0,4.0,1.0,7.0,0.0,0.0,0.0,2.0,10.0,0.0,55.0,0.0,0.0,21.0,1.0,0.0,0.0,5.0,0.0,1.0,8.0,0.0,0.0,0.0,0.0,0.0,0.0,49.0,16.0,0.0,0.0,0.0,9.0,0.0,0.0,0.0,0.0,0.0,66.0,0.0,13.0,3.0,0.0,1.0,7.0,1.0,0.0,0.0,0.0,0.0,24.0,7.0,0.0,0.0,1.0,243.0,0.0,4.0,0.0,0.0,0.0,0.0,0.0,0.0,1.0,0.0,132.0,0.0,8.0,0.0,5.0,9.0,0.0,4.0,1.0,12.0,0.0,0.0,0.0,0.0,1.0,0.0,0.0,0.0,155.0,0.0,1.0,0.0,3.0,166.0,4.0,0.0,0.0,0.0,0.0,0.0,2.0,0.0,8.0,3.0,0.0,0.0,0.0,0.0,4.0,0.0,0.0,2.0,0.0,113.0,13.0,0.0,0.0,0.0,10.0,3.0,42.0,0.0,0.0,0.0,1.0,0.0,0.0,0.0,0.0,1.0,1.0,0.0,1.0,0.0,28.0,0.0,20.0,4.0,0.0,7.0,0.0,0.0,2.0,0.0,0.0,0.0,6.0,0.0,0.0,0.0,0.0,13.0,0.0,0.0,2.0,1.0,7.0,1.0,1.0,1.0,2.0,1.0,0.0,41.0,0.0,7.0,4.0,1.0,5.0,7.0,17.0,0.0,2.0,0.0,0.0,20.0,22.0,0.0,0.0,0.0,8.0,3.0,2.0,3.0,3.0,4.0,0.0,1.0,2.0,5.0,0.0,7.0,1.0,1.0,17.0,1.0,0.0,17.0,0.0,3.0,0.0,0.0,7.0,3.0,5.0,0.0,3.0,0.0,0.0,4.0,6.0,0.0,0.0,0.0,0.0,59.0,0.0,9.0,0.0,0.0,0.0,0.0,0.0,232.0,0.0,0.0,4.0,2.0,5.0,0.0,4.0,0.0,0.0,1.0,17.0,116.0,14.0,0.0,5.0,8.0,1.0
2020-06-01,7.0,0.0,26.0,0.0,0.0,13.0,4.0,0.0,54.0,6.0,14.0,0.0,6.0,1.0,1.0,0.0,0.0,0.0,0.0,3.0,0.0,0.0,8.0,0.0,0.0,1.0,1.0,2.0,3.0,0.0,10.0,0.0,0.0,2.0,0.0,0.0,3.0,228.0,0.0,1.0,4.0,3.0,0.0,7.0,4.0,1.0,55.0,0.0,0.0,0.0,0.0,0.0,0.0,0.0,0.0,0.0,3.0,1.0,6.0,0.0,0.0,0.0,3.0,9.0,1.0,59.0,0.0,0.0,23.0,2.0,0.0,0.0,4.0,0.0,0.0,6.0,0.0,0.0,0.0,0.0,0.0,0.0,63.0,17.0,0.0,0.0,0.0,8.0,0.0,0.0,0.0,0.0,0.0,44.0,0.0,11.0,2.0,0.0,1.0,3.0,0.0,0.0,0.0,0.0,0.0,18.0,2.0,0.0,0.0,2.0,238.0,0.0,3.0,0.0,0.0,0.0,0.0,0.0,0.0,1.0,0.0,129.0,0.0,2.0,0.0,4.0,7.0,0.0,4.0,2.0,11.0,0.0,0.0,0.0,0.0,0.0,0.0,0.0,0.0,146.0,0.0,0.0,0.0,1.0,135.0,2.0,0.0,0.0,0.0,0.0,0.0,2.0,0.0,8.0,4.0,0.0,0.0,0.0,0.0,3.0,0.0,0.0,2.0,0.0,100.0,9.0,0.0,0.0,0.0,6.0,0.0,32.0,0.0,0.0,0.0,2.0,0.0,0.0,0.0,0.0,0.0,1.0,0.0,0.0,0.0,25.0,0.0,19.0,4.0,0.0,14.0,0.0,0.0,1.0,0.0,0.0,0.0,15.0,0.0,0.0,0.0,0.0,17.0,0.0,0.0,1.0,1.0,6.0,1.0,0.0,0.0,2.0,0.0,0.0,35.0,0.0,6.0,3.0,1.0,5.0,8.0,20.0,0.0,2.0,0.0,0.0,15.0,7.0,0.0,0.0,0.0,6.0,4.0,1.0,2.0,3.0,3.0,0.0,0.0,1.0,4.0,0.0,9.0,1.0,1.0,18.0,1.0,0.0,9.0,0.0,2.0,0.0,0.0,8.0,2.0,4.0,43.0,3.0,0.0,0.0,5.0,6.0,0.0,0.0,0.0,0.0,56.0,0.0,6.0,0.0,0.0,0.0,0.0,0.0,173.0,0.0,0.0,4.0,1.0,5.0,0.0,3.0,0.0,0.0,0.0,15.0,95.0,13.0,0.0,7.0,8.0,2.0
2020-07-01,12.0,0.0,20.0,0.0,0.0,11.0,2.0,0.0,47.0,6.0,14.0,0.0,5.0,1.0,2.0,0.0,0.0,0.0,0.0,3.0,0.0,0.0,7.0,0.0,0.0,1.0,2.0,0.0,3.0,0.0,10.0,0.0,0.0,3.0,0.0,0.0,1.0,224.0,0.0,1.0,4.0,3.0,0.0,1.0,2.0,2.0,45.0,0.0,0.0,0.0,0.0,0.0,0.0,0.0,0.0,0.0,3.0,1.0,7.0,0.0,0.0,0.0,2.0,9.0,0.0,56.0,4.0,0.0,23.0,3.0,0.0,0.0,18.0,0.0,0.0,6.0,0.0,0.0,0.0,1.0,0.0,0.0,49.0,15.0,0.0,0.0,0.0,2.0,18.0,0.0,0.0,0.0,0.0,33.0,0.0,10.0,2.0,1.0,1.0,3.0,2.0,0.0,0.0,0.0,0.0,18.0,1.0,0.0,0.0,2.0,203.0,0.0,3.0,0.0,0.0,0.0,0.0,0.0,25.0,1.0,0.0,121.0,0.0,2.0,5.0,3.0,7.0,0.0,4.0,1.0,14.0,14.0,0.0,0.0,0.0,1.0,0.0,0.0,0.0,154.0,0.0,1.0,0.0,0.0,136.0,1.0,0.0,0.0,0.0,0.0,0.0,2.0,0.0,8.0,3.0,0.0,0.0,0.0,0.0,2.0,0.0,0.0,2.0,0.0,108.0,1.0,0.0,0.0,0.0,10.0,0.0,29.0,0.0,0.0,0.0,2.0,0.0,0.0,0.0,0.0,0.0,3.0,0.0,0.0,0.0,25.0,0.0,21.0,3.0,0.0,13.0,0.0,0.0,1.0,1.0,0.0,0.0,9.0,0.0,0.0,0.0,0.0,19.0,0.0,0.0,2.0,1.0,7.0,0.0,0.0,0.0,1.0,0.0,2.0,34.0,7.0,6.0,3.0,2.0,6.0,7.0,15.0,0.0,2.0,0.0,0.0,15.0,3.0,0.0,0.0,0.0,4.0,2.0,1.0,2.0,3.0,3.0,0.0,0.0,1.0,3.0,0.0,9.0,0.0,1.0,13.0,1.0,0.0,3.0,0.0,3.0,0.0,0.0,6.0,3.0,4.0,17.0,3.0,0.0,0.0,3.0,5.0,0.0,0.0,1.0,0.0,55.0,0.0,7.0,0.0,9.0,0.0,0.0,0.0,133.0,0.0,0.0,4.0,1.0,5.0,0.0,3.0,0.0,0.0,0.0,14.0,93.0,13.0,0.0,5.0,8.0,2.0
2020-08-01,10.0,0.0,15.0,0.0,3.0,7.0,2.0,0.0,46.0,5.0,13.0,0.0,4.0,0.0,2.0,0.0,0.0,0.0,0.0,3.0,0.0,0.0,6.0,0.0,0.0,1.0,1.0,0.0,2.0,0.0,8.0,0.0,0.0,2.0,0.0,0.0,0.0,223.0,0.0,0.0,3.0,2.0,0.0,0.0,2.0,3.0,44.0,0.0,0.0,0.0,0.0,0.0,0.0,0.0,0.0,0.0,2.0,1.0,5.0,0.0,0.0,0.0,2.0,10.0,0.0,55.0,1.0,0.0,24.0,1.0,0.0,0.0,5.0,0.0,0.0,6.0,0.0,0.0,0.0,0.0,0.0,0.0,41.0,13.0,0.0,0.0,0.0,0.0,13.0,0.0,0.0,0.0,0.0,21.0,0.0,13.0,4.0,114.0,1.0,2.0,1.0,0.0,0.0,0.0,0.0,17.0,0.0,0.0,0.0,3.0,180.0,0.0,2.0,0.0,0.0,0.0,0.0,0.0,12.0,0.0,0.0,110.0,0.0,1.0,10.0,4.0,7.0,0.0,4.0,14.0,11.0,8.0,0.0,0.0,0.0,0.0,0.0,0.0,0.0,143.0,0.0,0.0,0.0,0.0,138.0,1.0,0.0,0.0,0.0,0.0,0.0,2.0,0.0,7.0,3.0,1.0,0.0,0.0,0.0,1.0,0.0,11.0,1.0,0.0,98.0,0.0,0.0,0.0,0.0,9.0,0.0,24.0,0.0,0.0,0.0,1.0,0.0,17.0,0.0,0.0,0.0,2.0,0.0,0.0,0.0,23.0,0.0,22.0,3.0,0.0,6.0,0.0,0.0,1.0,1.0,0.0,0.0,6.0,0.0,0.0,0.0,0.0,7.0,0.0,0.0,1.0,1.0,8.0,11.0,0.0,0.0,1.0,0.0,1.0,32.0,10.0,6.0,3.0,3.0,6.0,6.0,13.0,0.0,2.0,0.0,0.0,15.0,2.0,0.0,0.0,0.0,3.0,1.0,0.0,2.0,2.0,3.0,0.0,0.0,1.0,2.0,0.0,7.0,0.0,1.0,11.0,1.0,0.0,1.0,0.0,2.0,0.0,0.0,6.0,3.0,3.0,4.0,3.0,0.0,0.0,3.0,5.0,0.0,0.0,0.0,0.0,48.0,0.0,5.0,0.0,2.0,0.0,0.0,0.0,103.0,0.0,0.0,4.0,1.0,7.0,0.0,3.0,0.0,0.0,1.0,15.0,91.0,13.0,0.0,3.0,8.0,1.0
2020-09-01,11.0,0.0,14.0,0.0,69.0,6.0,2.0,0.0,43.0,5.0,14.0,0.0,3.0,0.0,1.0,0.0,0.0,0.0,1.0,4.0,0.0,0.0,10.0,0.0,0.0,1.0,1.0,0.0,3.0,1.0,10.0,6.0,0.0,3.0,0.0,0.0,1.0,217.0,0.0,1.0,2.0,2.0,0.0,0.0,7.0,3.0,46.0,0.0,0.0,0.0,12.0,0.0,0.0,0.0,0.0,0.0,2.0,0.0,4.0,0.0,0.0,0.0,2.0,16.0,0.0,61.0,0.0,0.0,24.0,1.0,0.0,0.0,3.0,0.0,0.0,6.0,0.0,0.0,0.0,0.0,0.0,2.0,39.0,15.0,0.0,0.0,0.0,0.0,10.0,0.0,0.0,0.0,0.0,17.0,1.0,11.0,3.0,63.0,1.0,2.0,0.0,0.0,0.0,0.0,0.0,18.0,1.0,0.0,0.0,2.0,157.0,0.0,3.0,0.0,0.0,0.0,0.0,11.0,4.0,0.0,0.0,103.0,0.0,1.0,2.0,4.0,6.0,0.0,4.0,6.0,11.0,2.0,0.0,0.0,0.0,0.0,0.0,0.0,0.0,139.0,0.0,1.0,0.0,0.0,131.0,1.0,0.0,0.0,0.0,0.0,0.0,2.0,0.0,6.0,2.0,10.0,0.0,0.0,12.0,2.0,0.0,9.0,0.0,0.0,84.0,0.0,0.0,0.0,0.0,7.0,0.0,25.0,0.0,0.0,0.0,1.0,0.0,3.0,0.0,0.0,0.0,2.0,0.0,0.0,0.0,20.0,0.0,25.0,3.0,0.0,14.0,5.0,0.0,2.0,1.0,0.0,0.0,4.0,0.0,0.0,0.0,0.0,3.0,0.0,0.0,1.0,0.0,6.0,4.0,0.0,0.0,2.0,0.0,0.0,44.0,2.0,6.0,3.0,11.0,5.0,4.0,12.0,0.0,1.0,0.0,0.0,17.0,2.0,0.0,10.0,0.0,4.0,1.0,0.0,1.0,2.0,2.0,0.0,0.0,1.0,1.0,0.0,6.0,0.0,1.0,23.0,0.0,0.0,1.0,0.0,2.0,0.0,0.0,6.0,2.0,3.0,3.0,3.0,0.0,0.0,4.0,5.0,0.0,0.0,0.0,0.0,52.0,2.0,8.0,8.0,1.0,0.0,0.0,0.0,69.0,0.0,0.0,4.0,0.0,6.0,0.0,1.0,0.0,0.0,1.0,14.0,89.0,13.0,0.0,3.0,7.0,1.0
2020-10-01,10.0,0.0,16.0,0.0,128.0,6.0,7.0,0.0,42.0,5.0,14.0,0.0,4.0,0.0,1.0,0.0,0.0,0.0,1.0,4.0,0.0,0.0,8.0,0.0,0.0,0.0,0.0,0.0,1.0,11.0,9.0,25.0,0.0,3.0,0.0,0.0,0.0,201.0,0.0,0.0,2.0,2.0,0.0,0.0,5.0,3.0,46.0,0.0,0.0,0.0,5.0,0.0,0.0,0.0,1.0,0.0,2.0,0.0,4.0,0.0,0.0,0.0,1.0,11.0,1.0,48.0,0.0,0.0,22.0,1.0,0.0,0.0,4.0,0.0,0.0,5.0,0.0,0.0,0.0,0.0,0.0,1.0,42.0,16.0,0.0,0.0,0.0,0.0,7.0,0.0,0.0,0.0,0.0,1.0,128.0,8.0,3.0,21.0,1.0,2.0,0.0,0.0,0.0,0.0,0.0,18.0,0.0,0.0,0.0,1.0,128.0,0.0,3.0,0.0,0.0,0.0,0.0,92.0,4.0,0.0,0.0,95.0,0.0,1.0,1.0,3.0,6.0,0.0,4.0,3.0,11.0,1.0,0.0,0.0,0.0,0.0,0.0,0.0,0.0,138.0,0.0,1.0,0.0,0.0,136.0,0.0,0.0,0.0,0.0,0.0,0.0,2.0,0.0,5.0,2.0,1.0,0.0,0.0,11.0,3.0,0.0,5.0,0.0,0.0,78.0,0.0,0.0,0.0,0.0,10.0,0.0,31.0,0.0,1.0,0.0,1.0,0.0,0.0,0.0,0.0,0.0,3.0,0.0,0.0,0.0,21.0,0.0,24.0,2.0,0.0,13.0,169.0,0.0,1.0,0.0,0.0,0.0,11.0,0.0,0.0,0.0,0.0,2.0,0.0,0.0,7.0,0.0,8.0,1.0,1.0,0.0,2.0,0.0,0.0,70.0,12.0,6.0,2.0,11.0,4.0,4.0,9.0,0.0,1.0,0.0,0.0,13.0,1.0,0.0,1.0,0.0,4.0,1.0,0.0,1.0,2.0,2.0,0.0,0.0,1.0,1.0,0.0,6.0,0.0,1.0,18.0,1.0,0.0,1.0,0.0,2.0,6.0,1.0,5.0,2.0,3.0,2.0,3.0,0.0,0.0,4.0,4.0,0.0,0.0,0.0,0.0,45.0,0.0,8.0,0.0,1.0,0.0,0.0,0.0,52.0,0.0,1.0,4.0,0.0,4.0,0.0,1.0,0.0,0.0,0.0,15.0,90.0,12.0,0.0,4.0,6.0,1.0
2020-11-01,10.0,1.0,20.0,1.0,95.0,5.0,7.0,0.0,65.0,6.0,15.0,76.0,4.0,1.0,1.0,0.0,0.0,0.0,1.0,4.0,0.0,0.0,7.0,0.0,0.0,1.0,0.0,0.0,2.0,51.0,5.0,146.0,0.0,3.0,0.0,0.0,0.0,148.0,0.0,1.0,2.0,1.0,0.0,0.0,4.0,3.0,54.0,0.0,0.0,0.0,3.0,0.0,0.0,0.0,0.0,0.0,3.0,0.0,5.0,0.0,0.0,0.0,0.0,12.0,0.0,53.0,0.0,0.0,39.0,1.0,0.0,0.0,14.0,0.0,0.0,6.0,0.0,0.0,0.0,0.0,0.0,1.0,47.0,15.0,0.0,0.0,0.0,0.0,9.0,0.0,0.0,0.0,0.0,0.0,106.0,7.0,3.0,7.0,2.0,3.0,1.0,0.0,0.0,0.0,0.0,19.0,0.0,0.0,0.0,1.0,139.0,0.0,3.0,0.0,0.0,0.0,0.0,35.0,2.0,1.0,0.0,102.0,2.0,1.0,2.0,3.0,8.0,0.0,3.0,2.0,12.0,0.0,0.0,0.0,0.0,0.0,0.0,0.0,0.0,153.0,0.0,0.0,0.0,0.0,158.0,0.0,0.0,0.0,0.0,0.0,0.0,2.0,0.0,5.0,2.0,0.0,0.0,0.0,4.0,4.0,0.0,4.0,0.0,1.0,110.0,0.0,0.0,0.0,0.0,6.0,0.0,38.0,0.0,0.0,0.0,1.0,0.0,0.0,0.0,0.0,0.0,2.0,0.0,0.0,0.0,22.0,0.0,24.0,2.0,0.0,7.0,122.0,0.0,1.0,0.0,0.0,0.0,12.0,0.0,0.0,0.0,0.0,3.0,0.0,0.0,6.0,0.0,7.0,0.0,0.0,0.0,1.0,0.0,0.0,70.0,9.0,5.0,5.0,5.0,5.0,7.0,11.0,0.0,2.0,0.0,0.0,14.0,3.0,0.0,0.0,0.0,7.0,1.0,1.0,1.0,3.0,4.0,0.0,0.0,1.0,1.0,0.0,5.0,0.0,1.0,15.0,1.0,0.0,1.0,0.0,2.0,8.0,1.0,5.0,2.0,5.0,1.0,3.0,0.0,0.0,5.0,5.0,0.0,0.0,0.0,0.0,44.0,0.0,5.0,0.0,0.0,0.0,0.0,0.0,53.0,0.0,0.0,5.0,1.0,4.0,0.0,1.0,11.0,0.0,1.0,17.0,153.0,12.0,0.0,4.0,8.0,2.0
2020-12-01,10.0,1.0,20.0,1.0,66.0,6.0,5.0,0.0,56.0,6.0,15.0,29.0,2.0,0.0,1.0,0.0,0.0,1.0,1.0,4.0,0.0,0.0,8.0,0.0,0.0,1.0,2.0,0.0,2.0,77.0,4.0,113.0,0.0,2.0,0.0,0.0,0.0,161.0,0.0,1.0,2.0,2.0,0.0,0.0,3.0,2.0,68.0,0.0,0.0,0.0,2.0,0.0,110.0,0.0,0.0,0.0,2.0,0.0,5.0,0.0,0.0,0.0,1.0,17.0,0.0,57.0,0.0,0.0,22.0,1.0,0.0,0.0,9.0,0.0,0.0,6.0,0.0,0.0,0.0,0.0,0.0,0.0,64.0,21.0,0.0,0.0,0.0,0.0,10.0,0.0,0.0,0.0,0.0,0.0,95.0,10.0,3.0,10.0,2.0,3.0,0.0,0.0,0.0,0.0,0.0,19.0,0.0,0.0,0.0,2.0,208.0,0.0,3.0,0.0,0.0,0.0,0.0,23.0,1.0,1.0,0.0,131.0,0.0,1.0,1.0,3.0,6.0,0.0,3.0,2.0,16.0,0.0,0.0,10.0,0.0,0.0,0.0,0.0,0.0,183.0,0.0,0.0,0.0,0.0,151.0,0.0,0.0,0.0,0.0,0.0,0.0,1.0,0.0,7.0,3.0,0.0,0.0,0.0,3.0,4.0,0.0,4.0,0.0,0.0,130.0,0.0,0.0,0.0,0.0,6.0,0.0,49.0,0.0,0.0,0.0,1.0,0.0,0.0,0.0,0.0,0.0,1.0,0.0,0.0,0.0,24.0,0.0,28.0,2.0,0.0,5.0,66.0,0.0,3.0,0.0,0.0,0.0,7.0,1.0,0.0,0.0,0.0,5.0,0.0,0.0,5.0,0.0,9.0,0.0,0.0,0.0,1.0,0.0,0.0,83.0,6.0,5.0,5.0,6.0,5.0,8.0,13.0,0.0,1.0,0.0,0.0,15.0,2.0,0.0,0.0,0.0,7.0,2.0,1.0,2.0,2.0,8.0,0.0,0.0,1.0,1.0,0.0,6.0,0.0,1.0,13.0,0.0,0.0,2.0,0.0,2.0,1.0,0.0,6.0,2.0,6.0,1.0,3.0,0.0,0.0,5.0,4.0,0.0,0.0,0.0,0.0,58.0,0.0,5.0,0.0,1.0,1.0,0.0,0.0,56.0,0.0,0.0,6.0,1.0,4.0,0.0,2.0,1.0,1.0,0.0,26.0,183.0,15.0,0.0,4.0,8.0,3.0
2021-01-01,13.0,1.0,26.0,1.0,49.0,8.0,4.0,0.0,63.0,6.0,20.0,16.0,2.0,0.0,2.0,0.0,0.0,1.0,2.0,5.0,0.0,0.0,10.0,0.0,0.0,1.0,12.0,0.0,2.0,94.0,6.0,88.0,1.0,2.0,0.0,0.0,0.0,221.0,0.0,1.0,3.0,2.0,0.0,0.0,5.0,3.0,85.0,0.0,0.0,0.0,2.0,0.0,20.0,0.0,0.0,0.0,3.0,0.0,7.0,0.0,0.0,0.0,1.0,20.0,1.0,72.0,0.0,0.0,21.0,1.0,0.0,0.0,6.0,0.0,1.0,7.0,0.0,0.0,0.0,1.0,0.0,1.0,95.0,24.0,0.0,0.0,0.0,0.0,13.0,0.0,0.0,0.0,0.0,0.0,137.0,10.0,3.0,12.0,1.0,4.0,1.0,0.0,0.0,0.0,0.0,22.0,1.0,0.0,0.0,2.0,246.0,0.0,5.0,0.0,0.0,0.0,0.0,24.0,2.0,1.0,0.0,158.0,1.0,3.0,1.0,4.0,7.0,0.0,4.0,2.0,19.0,0.0,0.0,4.0,0.0,0.0,0.0,5.0,0.0,225.0,0.0,1.0,0.0,0.0,224.0,0.0,0.0,0.0,0.0,0.0,0.0,2.0,0.0,8.0,8.0,0.0,0.0,0.0,3.0,4.0,0.0,4.0,0.0,0.0,157.0,0.0,0.0,0.0,0.0,10.0,0.0,60.0,0.0,0.0,0.0,2.0,0.0,0.0,0.0,0.0,0.0,2.0,0.0,1.0,0.0,30.0,1.0,32.0,3.0,0.0,20.0,61.0,0.0,3.0,0.0,0.0,0.0,10.0,4.0,0.0,0.0,0.0,7.0,0.0,0.0,14.0,1.0,10.0,0.0,1.0,0.0,3.0,1.0,0.0,106.0,7.0,6.0,78.0,7.0,7.0,9.0,25.0,0.0,2.0,3.0,0.0,17.0,3.0,0.0,1.0,0.0,6.0,16.0,2.0,2.0,3.0,16.0,0.0,0.0,2.0,1.0,1.0,7.0,0.0,1.0,21.0,1.0,0.0,2.0,1.0,3.0,1.0,0.0,7.0,3.0,14.0,2.0,6.0,0.0,0.0,7.0,5.0,0.0,0.0,1.0,0.0,81.0,0.0,8.0,0.0,1.0,1.0,0.0,0.0,93.0,0.0,0.0,6.0,1.0,4.0,1.0,2.0,0.0,0.0,1.0,24.0,150.0,15.0,0.0,8.0,10.0,4.0
2021-02-01,10.0,1.0,27.0,1.0,31.0,8.0,6.0,0.0,103.0,6.0,21.0,10.0,2.0,0.0,1.0,0.0,0.0,1.0,2.0,6.0,0.0,0.0,8.0,0.0,0.0,1.0,7.0,0.0,2.0,101.0,7.0,85.0,1.0,3.0,0.0,0.0,0.0,246.0,0.0,1.0,3.0,3.0,0.0,0.0,4.0,2.0,82.0,0.0,0.0,0.0,1.0,0.0,6.0,0.0,0.0,0.0,4.0,0.0,5.0,0.0,0.0,0.0,1.0,16.0,1.0,84.0,0.0,0.0,23.0,1.0,0.0,0.0,5.0,0.0,0.0,6.0,0.0,0.0,0.0,1.0,0.0,1.0,78.0,24.0,0.0,0.0,0.0,0.0,13.0,0.0,0.0,0.0,0.0,0.0,126.0,12.0,2.0,10.0,2.0,3.0,1.0,0.0,0.0,0.0,0.0,21.0,0.0,0.0,0.0,2.0,268.0,0.0,4.0,0.0,0.0,7.0,0.0,28.0,1.0,1.0,0.0,175.0,0.0,4.0,1.0,4.0,8.0,0.0,4.0,3.0,20.0,0.0,0.0,2.0,0.0,0.0,0.0,1.0,0.0,259.0,0.0,1.0,0.0,0.0,201.0,0.0,0.0,10.0,0.0,0.0,0.0,3.0,0.0,9.0,12.0,0.0,0.0,0.0,2.0,3.0,0.0,4.0,0.0,0.0,177.0,0.0,0.0,0.0,0.0,9.0,0.0,71.0,0.0,0.0,0.0,2.0,0.0,0.0,0.0,1.0,3.0,1.0,0.0,1.0,0.0,31.0,0.0,29.0,4.0,0.0,18.0,42.0,0.0,2.0,2.0,0.0,0.0,19.0,11.0,0.0,0.0,0.0,7.0,1.0,0.0,7.0,1.0,10.0,0.0,1.0,0.0,4.0,0.0,0.0,110.0,11.0,5.0,62.0,4.0,8.0,7.0,27.0,0.0,1.0,1.0,0.0,19.0,3.0,0.0,0.0,0.0,6.0,9.0,2.0,2.0,2.0,13.0,0.0,0.0,2.0,1.0,1.0,7.0,0.0,2.0,19.0,1.0,1.0,3.0,1.0,4.0,1.0,0.0,9.0,3.0,8.0,2.0,6.0,0.0,0.0,7.0,5.0,0.0,0.0,1.0,0.0,88.0,0.0,8.0,0.0,1.0,0.0,0.0,0.0,127.0,125.0,0.0,6.0,1.0,5.0,0.0,2.0,0.0,0.0,1.0,22.0,123.0,14.0,0.0,7.0,12.0,3.0
2021-03-01,8.0,2.0,23.0,0.0,23.0,11.0,6.0,0.0,103.0,6.0,20.0,7.0,2.0,0.0,1.0,0.0,0.0,1.0,2.0,5.0,0.0,0.0,13.0,0.0,0.0,2.0,5.0,0.0,2.0,97.0,6.0,69.0,0.0,2.0,0.0,0.0,0.0,272.0,0.0,1.0,3.0,2.0,0.0,0.0,12.0,4.0,79.0,0.0,0.0,0.0,2.0,0.0,4.0,0.0,1.0,0.0,4.0,0.0,6.0,0.0,1.0,0.0,1.0,14.0,1.0,84.0,0.0,0.0,22.0,1.0,0.0,0.0,5.0,0.0,1.0,7.0,0.0,0.0,0.0,1.0,0.0,1.0,69.0,22.0,0.0,0.0,0.0,0.0,13.0,0.0,0.0,0.0,0.0,0.0,103.0,13.0,2.0,16.0,2.0,2.0,1.0,0.0,0.0,0.0,0.0,21.0,5.0,0.0,0.0,2.0,306.0,0.0,4.0,0.0,0.0,29.0,0.0,23.0,1.0,1.0,0.0,172.0,0.0,2.0,1.0,4.0,8.0,0.0,5.0,3.0,26.0,1.0,0.0,2.0,0.0,0.0,0.0,1.0,0.0,243.0,0.0,1.0,0.0,0.0,181.0,1.0,0.0,3.0,0.0,0.0,0.0,3.0,0.0,8.0,23.0,0.0,0.0,0.0,3.0,4.0,0.0,4.0,0.0,0.0,173.0,0.0,0.0,13.0,0.0,8.0,0.0,71.0,0.0,0.0,0.0,1.0,0.0,0.0,0.0,0.0,0.0,1.0,0.0,1.0,0.0,29.0,0.0,27.0,3.0,0.0,8.0,36.0,0.0,2.0,2.0,0.0,0.0,16.0,12.0,0.0,0.0,0.0,4.0,0.0,0.0,3.0,1.0,8.0,6.0,1.0,0.0,3.0,0.0,0.0,101.0,6.0,5.0,26.0,3.0,7.0,15.0,20.0,0.0,2.0,1.0,0.0,19.0,4.0,0.0,0.0,0.0,5.0,4.0,1.0,2.0,2.0,10.0,0.0,0.0,3.0,2.0,0.0,8.0,0.0,2.0,15.0,1.0,0.0,2.0,2.0,3.0,0.0,0.0,8.0,3.0,5.0,2.0,9.0,0.0,0.0,7.0,5.0,0.0,0.0,1.0,0.0,83.0,0.0,6.0,0.0,1.0,0.0,0.0,0.0,159.0,81.0,0.0,7.0,1.0,6.0,0.0,3.0,0.0,0.0,0.0,21.0,113.0,14.0,1.0,6.0,12.0,2.0
